238.15,374.04,149.29,13505,28151,2859.8,14.883,10.002,27.188,3.4769,2.745,4.93,1.5415,35.892,0.58989,29.121,1.059,1.0423,1.1047,19.269,6,4.2,47.1
230.55,388.12,164.03,5005.8,11915,1374.1,23.752,22.132,51.072,4.5617,4.1931,6.6879,1.666,34.419,0.68864,27.163,0.94925,0.94501,0.79747,41.925,6,4.2,47.1
394.69,660.69,242.46,12861,35702,4692.4,20.035,9.5827,26.927,3.9751,2.6164,4.8051,1.6706,46.871,0.60948,29.228,1.4244,1.4766,1.4971,117.9,6,4.2,47.1
344.57,562.38,210.24,10834,28905,3655.8,21.808,11.063,27.353,4.1634,2.8002,4.934,1.6284,42.778,0.60457,26.26,1.2716,1.15,1.3969,73.829,6,4.2,47.1
384.79,644.73,245.41,13169,36908,5323.6,20.91,9.7706,29.223,4.067,2.6823,4.9148,1.6739,43.823,0.63481,27.783,1.4308,1.4332,1.6686,112.3,6,4.2,47.1
392.51,628.14,229.73,13847,35301,4871.7,22.736,9.4982,25.994,4.2019,2.6166,4.7428,1.5937,54.935,0.5783,35.88,1.1632,1.5445,1.66,106.32,6,4.2,47.1
372.22,595.75,217.75,12215,29698,3737.7,21.783,11.653,29.119,4.1331,2.8741,5.0916,1.5922,47.658,0.5772,29.831,1.1524,1.4541,1.5504,90.548,6,4.2,47.1
372.64,606.08,225.61,10412,29039,4303.4,22.001,10.065,24.174,4.1904,2.6877,4.6152,1.6208,49.271,0.6024,30.921,1.3034,1.3865,1.5437,95.077,6,4.2,47.1
387.78,638.73,240.15,10986,31928,4890.8,22.026,9.5358,24.337,4.1973,2.6398,4.6217,1.6497,45.009,0.62014,29.095,1.2712,1.4508,1.5162,110.28,6,4.2,47.1
394.6,664.96,245.58,12055,35872,5136.6,21.573,9.5393,24.353,4.1322,2.6229,4.5653,1.684,46.707,0.62048,30.725,1.4465,1.4763,1.5192,119.67,6,4.2,47.1
377.55,634.76,240.8,12494,37646,5830.8,20.414,9.5958,22.674,3.9822,2.5608,4.3913,1.6812,43.675,0.63737,28.816,1.4313,1.444,1.598,106.98,6,4.2,47.1
382.58,622.85,227.64,12050,31981,4289.8,20.971,9.5551,25.308,4.0493,2.6084,4.7094,1.6249,42.901,0.59144,28.837,1.4464,1.4454,1.5655,102.09,6,4.2,47.1
384.26,624.51,229,13852,35086,4208,20.556,10.159,31.392,4.0198,2.717,5.182,1.6204,43.349,0.58783,27.605,1.2673,1.5033,1.7007,103.25,6,4.2,47.1
350.07,560.52,204.13,9532.6,24096,3096.4,24.333,11.49,29.74,4.4412,2.9315,5.1367,1.5983,43.882,0.57802,27.029,1.0743,1.0508,1.552,73.225,6,4.2,47.1
424.06,661.03,228.61,15033,34374,3958.6,19.666,9.5847,31.974,3.8831,2.6653,5.2509,1.5495,52.832,0.53,37.31,1.3651,1.4482,1.6314,121.78,6,4.2,47.1
411.16,646.73,230.05,13963,37220,5391.9,22.859,9.0554,23.176,4.2306,2.5888,4.4921,1.5727,53.741,0.55794,37.386,1.3569,1.4308,1.7394,115.47,6,4.2,47.1
420.75,653.08,225.89,15262,33724,3934.6,18.285,8.9861,30.013,3.7499,2.5912,5.1169,1.5417,52.458,0.52742,36.972,1.3672,1.406,1.6602,118.36,6,4.2,47.1
308,496.53,191.18,7170.8,16794,1968.1,28.437,18.035,41.831,4.7731,3.6699,6.0496,1.6006,38.793,0.60821,26.248,0.95621,1.1056,1.2547,44.233,6,4.2,47.1
347.71,558,213.71,7312.2,16813,2327.3,23.908,13.479,32.877,4.4406,3.2115,5.4616,1.5952,42.531,0.60616,28.329,0.97811,0.99121,1.3617,74.391,6,4.2,47.1
255.88,408.17,163.77,13654,30290,2972.3,14.657,11.859,31.314,3.4613,2.9469,5.2684,1.5689,37.222,0.60304,30.652,1.2214,1.3331,0.85091,19.818,6,4.2,47.1
333.99,532.55,199.05,6669.6,16074,1974.5,40.452,19.924,48.08,5.6879,4.0007,6.5541,1.5851,40.595,0.5879,25.463,0.77454,0.81228,1.3386,61.229,6,4.2,47.1
355.81,588.6,225.59,6978.7,16914,2195.7,30.654,17.271,41.093,5.034,3.6129,6.0516,1.6438,41.354,0.62532,26.283,0.81151,0.71449,1.3979,86.73,6,4.2,47.1
359.27,583.53,213.95,11505,28878,3510.8,18.187,8.66,26.846,3.8064,2.5402,4.8883,1.6162,46.775,0.58757,30.043,1.336,1.4316,1.494,83.48,6,4.2,47.1
367.98,567.33,199.02,15489,34715,3817.6,24.044,14.677,32.706,4.3297,3.2321,5.3436,1.5301,49.336,0.52737,37.895,1.0456,1.012,1.7603,78.005,6,4.2,47.1
369.7,575.14,205,12442,30637,3767.5,24.435,12.256,30.003,4.381,2.9638,5.1576,1.5523,45.796,0.5476,30.871,1.066,1.1852,1.5986,81.782,6,4.2,47.1
450.83,702.98,242.51,21928,51524,6760.2,16.548,7.8956,25.411,3.4835,2.3216,4.659,1.5518,61.052,0.53115,48.615,1.6924,1.4662,1.8575,141.92,6,4.2,47.1
425.82,664.13,235.09,15675,36751,4705.5,20.648,11.977,28.796,4.0219,2.9366,5.013,1.553,57.762,0.54453,41.296,1.3867,1.2969,1.7649,124.52,6,4.2,47.1
405.19,607.96,203.28,21014,47297,5165.6,14.685,7.5562,25.619,3.3153,2.2577,4.6465,1.4934,51.608,0.49382,36.577,1.5021,1.5033,1.8136,98.034,6,4.2,47.1
431.37,664.95,230.03,20208,49678,6485.1,14.844,7.0092,21.315,3.3501,2.1786,4.2749,1.5384,63.833,0.52573,48.291,1.5054,1.4991,1.8241,124.84,6,4.2,47.1
248.13,391.71,149.68,7654.6,17566,2015.7,19.487,17.216,36.665,4.0776,3.6261,5.731,1.5662,36.236,0.58712,25.731,0.97603,1.0743,0.90924,30.994,8.505,10.05,300.5
209.37,338.64,138.1,5531.1,12713,1732.8,24.43,22.664,40.603,4.5896,4.1878,6.0532,1.598,37.047,0.63487,29.728,0.89105,0.67599,0.76626,46.022,8.505,10.05,300.5
243.41,389.96,149.35,8989.1,22411,2915.1,17.965,15.25,32.498,3.8964,3.398,5.3661,1.5911,36.347,0.59812,25.674,1.0892,1.1931,0.86754,26.022,8.505,10.05,300.5
367.58,566.45,194.67,14279,32808,3474,24.838,12.19,29.089,4.3644,2.9109,5.057,1.5376,42.448,0.52161,26.704,1.0137,1.264,1.6288,76.637,8.505,10.05,300.5
380.42,592.66,206.17,14789,36945,4635.4,15.915,7.7537,20.89,3.5379,2.3576,4.3327,1.5571,44.545,0.53981,29.467,1.5721,1.4564,1.5128,88.974,8.505,10.05,300.5
384.46,598.72,203.65,12997,33063,4148.8,19.075,9.2254,27.408,3.8928,2.575,4.861,1.5563,46.013,0.52685,29.392,1.2686,1.2356,1.6995,90.817,8.505,10.05,300.5
247.75,397.37,153.13,6029.1,14801,1920.7,23.403,17.497,36.986,4.4457,3.7043,5.7716,1.5978,37.674,0.60645,25.988,0.96681,1.1015,0.74605,33.903,8.505,10.05,300.5
206.96,335.15,131.74,7302.2,19116,2584.1,25.3,22.091,56.379,4.667,4.2225,7.023,1.6118,35.398,0.61663,26.817,0.76997,1.0573,0.53988,46.094,8.505,10.05,300.5
206.88,345.16,143.86,7044.9,19468,3016.5,18.639,13.417,32.656,4.0232,3.2803,5.3659,1.6584,35.418,0.6764,27.201,1.0158,1.0878,0.6932,38.148,8.505,10.05,300.5
292.2,454.47,164.64,8466.6,19731,2315.5,21.159,15.048,34.41,4.1623,3.3789,5.521,1.5476,41.617,0.55296,27.257,1.0303,1.1197,1.2046,25.742,8.505,10.05,300.5
306.87,480.19,173.04,10185,24141,3069.6,19.598,12.742,29.66,3.9524,3.0568,5.1069,1.5583,40.364,0.55753,26.225,1.0173,1.1779,1.448,35.514,8.505,10.05,300.5
308.3,487.9,178.73,14433,34921,4056.1,18.704,11.219,25.073,3.7882,2.7748,4.6568,1.5708,40.724,0.56635,28.46,1.0766,1.5382,1.7404,39.137,8.505,10.05,300.5
220.31,356.82,145.89,5983.2,13510,1854.2,23.069,21.586,42.344,4.4784,4.0971,6.1102,1.5963,37.917,0.63555,31.543,0.9636,0.79811,0.80327,41.477,2.95,2.85,105
260.19,415.39,159.76,10346,24694,3095.5,17.691,17.203,33.384,3.8469,3.5588,5.4114,1.5816,38.013,0.59539,28.353,1.2322,1.2933,0.79106,23.06,2.95,2.85,105
259.84,410.99,158.58,8475.1,19329,2337,19.095,17.287,33.823,4.0251,3.6037,5.4904,1.5663,37.602,0.59154,27.062,1.0022,1.1436,0.9796,26.485,2.95,2.85,105
406.28,636.34,219.83,16375,40971,5095.9,16.065,7.067,21.402,3.5014,2.2469,4.3393,1.5634,47.977,0.53764,30.505,1.5607,1.4524,1.6999,109.27,2.95,2.85,105
376.74,572.58,194.71,15288,33685,3263.2,20.077,10.476,26.941,3.9014,2.678,4.8857,1.514,43.873,0.5074,28.088,1.1493,1.3952,1.5274,80.382,2.95,2.85,105
411.8,640.19,222.69,18123,44703,5557.8,14.111,6.6544,20.147,3.2957,2.164,4.2151,1.5523,48.59,0.53658,31.645,1.6261,1.5768,1.6545,112.25,2.95,2.85,105
266.25,425.28,163.99,7139.6,17017,2170.9,21.994,15.822,33.703,4.2755,3.4974,5.5155,1.5859,39.368,0.60073,28.418,1.0344,1.1535,0.84053,28.84,2.95,2.85,105
209.93,350.49,148.29,7720.2,21035,3348.8,23.525,15.582,37.058,4.4226,3.5418,5.6694,1.661,35.795,0.68667,28.675,1.0353,0.98672,0.58048,37.852,2.95,2.85,105
230.58,372.7,147.32,9020.5,23301,3236.7,22.507,22.234,51.415,4.3859,4.1494,6.6387,1.6061,37.938,0.61983,29.904,0.92843,1.2392,0.63196,34.913,2.95,2.85,105
344.22,545.19,199.41,15145,35851,4302.6,18.415,9.9934,23.437,3.7779,2.6314,4.5449,1.5732,45.182,0.56757,30.549,1.1018,1.5313,1.7118,66.92,2.95,2.85,105
318.74,499.23,182.84,10438,23876,2969.3,19.761,12.393,27.698,3.9752,3.0249,4.9762,1.5573,44.072,0.56452,29.674,1.1591,1.2496,1.3479,45.448,2.95,2.85,105
333.77,520.58,187.62,12386,28765,3859.8,18.599,11.72,28.188,3.8291,2.8941,4.9435,1.5515,44.865,0.55571,30.112,1.0965,1.3832,1.5613,55.488,2.95,2.85,105
292.01,468.85,174.46,12254,28456,3362.7,19.521,14.01,31.578,3.9733,3.2213,5.2879,1.5914,47.219,0.57997,35.549,1.0025,1.2787,1.5014,30.234,8.505,10.05,300.5
259.58,437.13,178.34,7144.3,17986,2493.3,24.997,18.794,37.19,4.6058,3.8195,5.6674,1.6682,42.126,0.66872,30.386,1.0878,1.1202,1.2207,33.414,8.505,10.05,300.5
258.92,415.69,156.98,9565,22522,2858.2,18.926,15.755,29.979,3.9842,3.4006,5.1343,1.5867,43.905,0.58758,33.461,1.2452,1.1888,1.157,22.433,8.505,10.05,300.5
346.87,560.93,204.18,10914,28012,3908.8,22.448,10.587,24.757,4.2079,2.7714,4.6937,1.6094,47.819,0.58183,34.245,1.2424,1.335,1.4656,72.561,8.505,10.05,300.5
232.42,382.06,167.59,7146,19065,3559.4,30.406,24.444,38.899,5.049,4.3303,5.6494,1.6335,43.043,0.70378,38.425,1.0224,1.0899,1.0548,35.751,8.505,10.05,300.5
336.35,536.14,198.86,15725,37294,4378.2,15.694,9.7817,26.027,3.5394,2.6331,4.7839,1.5823,52.341,0.57315,40.163,1.4053,1.4197,1.4348,62.657,8.505,10.05,300.5
329.46,522.62,186.15,14233,34339,3866.2,17.25,9.3527,23.526,3.6693,2.5537,4.56,1.5767,45.756,0.55287,32.309,1.2195,1.3943,1.6994,54.569,8.505,10.05,300.5
260.49,422.29,158.62,7307.2,17343,2148.7,27.252,18.298,35.32,4.7394,3.7816,5.6111,1.6097,40.232,0.59439,28.952,0.66279,1.0603,1.3205,29.882,8.505,10.05,300.5
323.12,513.01,182.65,12094,29082,3146,21.282,13.237,33.208,4.1299,3.1503,5.3981,1.5803,41.535,0.55375,27.476,1.0819,1.1508,1.6636,49.828,8.505,10.05,300.5
226.8,382.06,157.98,5180.6,12991,1798.8,23.455,20.026,36.925,4.5372,3.9716,5.7651,1.6713,39.231,0.67451,28.511,0.95303,0.96077,0.70234,39.912,8.505,10.05,300.5
311.35,498.08,185.63,12606,29643,3379.1,17.912,11.789,30.054,3.7891,2.9227,5.1406,1.5838,47.036,0.57879,33.541,1.2463,1.3651,1.4714,44.045,8.505,10.05,300.5
226.89,375.08,151.19,4416,11082,1624.3,25.32,22.355,40.567,4.7382,4.2126,6.0435,1.6364,37.985,0.6497,26.065,0.91456,0.9157,0.5882,43.386,8.505,10.05,300.5
284.27,471.08,189.12,8881.7,24228,3510.3,26.247,18.908,37.607,4.6681,3.8301,5.7156,1.6509,42.573,0.6536,31.37,1.013,1.112,1.572,37.933,2.95,2.85,105
289.14,465.14,181.03,9569.1,22715,2800.1,22.299,16.448,35.575,4.2621,3.5403,5.6053,1.5978,40.197,0.61141,30.076,1.0409,1.0569,1.5056,32.551,2.95,2.85,105
245.21,411.12,173.19,5291.8,13948,2261.5,28.385,21.255,42.344,4.9119,4.112,6.0344,1.6662,40.647,0.69166,32.719,1.0089,1.0301,1.0488,38.099,2.95,2.85,105
354.31,561.56,199.72,11918,30999,3900.1,22.583,11.028,25.646,4.2411,2.8368,4.7844,1.581,50.577,0.55709,35.67,1.2793,1.2081,1.6262,73.445,2.95,2.85,105
367.67,590.9,214.91,10259,25386,3331,22.134,11.884,31,4.2121,2.9476,5.2458,1.6019,47.142,0.57964,29.548,0.95476,1.4147,1.4987,87.56,2.95,2.85,105
378.1,601.95,211.97,11724,29828,3765.2,19.221,9.3848,26.234,3.9044,2.5991,4.8223,1.5853,49.72,0.55364,32.6,1.1575,1.4949,1.5482,92.083,2.95,2.85,105
272.37,436.16,167.49,11808,27608,3190.9,18.941,15.971,34.142,3.9795,3.4796,5.5284,1.5838,41.554,0.59413,30.368,1.0129,1.1085,1.5107,26.564,2.95,2.85,105
212.72,354.66,148.66,4755.1,12792,2264.5,23.544,22.803,44.431,4.5561,4.221,6.2721,1.6547,36.398,0.68686,28.282,0.77533,0.84507,0.72421,44.172,2.95,2.85,105
254.02,426.36,171.49,5930.5,15689,2297.1,23.448,18.15,41.208,4.475,3.7652,5.9838,1.6691,43.637,0.6602,32.695,1.082,1.0969,0.87013,33.813,2.95,2.85,105
201.84,342.85,144.8,3629.2,9751.4,1728.2,28.436,26.811,45.558,4.9978,4.5991,6.3847,1.687,36.866,0.70275,27.993,0.38658,0.87837,0.57,51.186,2.95,2.85,105
310.88,512,196.29,10070,27653,3886.7,24.391,14.297,29.788,4.3763,3.1766,5.0669,1.6416,42.477,0.62513,27.718,1.2057,1.3112,1.535,49.923,2.95,2.85,105
278.49,447.68,172.78,8088.3,19383,2581.9,26.83,17.12,32.872,4.5788,3.5552,5.3646,1.5947,39.489,0.60716,28.883,0.99862,1.1354,1.3518,28.617,2.95,2.85,105
214.61,376.41,181.3,5137.3,14836,4332.3,28,27.803,48.475,4.9322,4.6501,6.5275,1.7366,52.321,0.82358,52.026,1.017,0.79198,0.72089,47.023,11.4,4.04,176
204.37,352.22,164.3,3034.1,6648.7,1120.1,35.593,36.083,61.022,5.6122,5.403,7.3894,1.6893,42.708,0.7704,37.394,0.58398,0.5907,0.4512,56.738,11.4,4.04,176
227.31,401.72,187.87,3744,10288,2159,28.314,23.358,41.138,5.0378,4.3725,6.0455,1.7479,40.563,0.80574,36.296,1.045,0.71877,0.92637,48.869,11.4,4.04,176
185.4,323.57,149.83,1884.8,4996.7,1029.7,43.226,35.975,50.427,6.1527,5.4206,6.795,1.7317,31.549,0.79573,25.037,0.28489,0.2887,0.38608,63.119,11.4,4.04,176
201.62,353.59,163.01,3703.9,11055,2361,33.73,29.825,43.494,5.4047,4.8528,6.2304,1.741,37.415,0.79423,30.327,0.30102,0.53067,0.99954,50.215,11.4,4.04,176
206.01,362.09,166.24,4739.3,14368,2901.5,27.482,21.719,32.915,4.8604,4.0939,5.3823,1.7483,38.512,0.79236,30.678,0.54237,0.92705,0.96325,43.994,11.4,4.04,176
251.52,425.51,171.32,4573.1,13688,2491.4,29.232,18.787,34.197,4.9686,3.8469,5.4993,1.6858,44.334,0.67274,34.004,1.0171,1.0515,0.88075,36.987,11.4,4.04,176
248.55,422.26,169.76,5463.1,14780,2216.7,24.872,17.519,38.379,4.6041,3.7189,5.798,1.688,38.886,0.67202,29.424,1.065,1.0197,1.0613,34.681,11.4,4.04,176
218.8,375.73,158.58,2799,8905,1757.8,32.338,28.951,48.408,5.3831,4.8353,6.581,1.7161,36.788,0.71727,27.531,0.71639,0.7986,0.68425,49.281,11.4,4.04,176
216.62,382.68,168.76,4188.1,14004,2344.9,28.055,24.984,43.991,4.9659,4.4212,6.2259,1.7601,44.141,0.764,33.882,0.63406,1.021,0.92731,43.497,11.4,4.04,176
200.36,347.61,156.6,1884.5,5104.5,1056.3,42.774,38.501,57.286,6.1877,5.5944,7.1987,1.7205,32.666,0.76778,25.872,0.49454,0.40391,0.48374,59.874,11.4,4.04,176
204.35,359.08,164.61,2741.8,8649.6,1723.5,38.984,33.666,53.313,5.8739,5.2104,6.8673,1.7479,37.895,0.79107,28.874,0.31345,0.44585,0.92778,54.094,11.4,4.04,176
257.12,441.7,173.63,7127,21403,3386.5,25.916,17.217,29.382,4.5934,3.5662,5.0364,1.7101,44.647,0.66548,33.109,1.3408,1.1632,1.1641,29.192,11.4,4.04,176
237.54,406.52,162.41,3336.7,9633.6,1664.4,37.007,24.763,42.793,5.6251,4.4633,6.1184,1.7066,37.746,0.67709,27.519,1.0236,0.85308,1.0015,43.762,11.4,4.04,176
252.04,432.57,173.17,6547.4,18972,2783.9,24.89,15.212,28.898,4.528,3.4119,5.0854,1.7112,40.897,0.67501,29.232,1.2289,1.0751,0.97697,30.726,11.4,4.04,176
217.64,379.67,164.02,3901.2,11697,1851.1,25.206,20.863,45.333,4.739,4.104,6.314,1.735,38.849,0.73524,29.894,0.68675,0.9371,0.88829,43.731,11.4,4.04,176
206.23,351.46,152.64,5184.4,11961,1374.5,37.462,32.795,50.457,5.6634,5.0964,6.7742,1.6757,38.311,0.70204,33.617,1.0151,0.46236,0.46002,50.989,11.4,4.04,176
212.23,361.61,152.67,3932.1,10379,1490,25.548,23.014,44.094,4.758,4.298,6.2642,1.6905,33.312,0.70024,25.164,0.91959,0.76275,0.65948,46.613,11.4,4.04,176
233.25,404.95,181.54,6957,20121,4115.6,23.347,20.197,35.22,4.4928,3.9171,5.5702,1.723,49.587,0.76021,41.304,1.2475,0.98366,0.80367,37.344,11.4,4.04,176
179.81,316.93,145.99,4179.1,11927,1844.2,30.959,23.167,42.875,5.1832,4.3189,6.189,1.7442,35.496,0.78187,29.771,0.43965,0.49342,0.88452,55.205,11.4,4.04,176
196.27,349.75,161.69,5413.9,16398,2909.3,29.624,23.736,36.153,5.0507,4.2941,5.6511,1.7678,40.76,0.79965,35.478,0.42818,0.77469,1.0653,45.454,11.4,4.04,176
292.58,478.98,183.37,11749,29724,3805.8,42.362,22.872,31.95,5.6921,4.0475,5.2266,1.6195,54.585,0.60317,41.615,1.5892,1.1421,1.1558,37.764,11.4,4.04,176
333.01,550.79,208.85,20032,55141,7687.6,14.201,9.2043,20.301,3.3567,2.4719,4.169,1.6467,52.864,0.61592,40.823,1.9013,1.4803,1.4546,67.843,11.4,4.04,176
295.93,498.67,192.02,10728,29051,4152.3,20.826,10.702,23.192,4.0798,2.824,4.5556,1.6742,49.294,0.63459,37.904,1.4108,1.1848,1.0508,42.214,11.4,4.04,176
395.11,619.64,216.99,17401,37523,4321.3,21.428,11.933,28.857,4.0302,2.8718,5.0311,1.5479,64.517,0.52894,49.41,1.7456,1.2818,1.2623,101.77,11.4,4.04,176
278.9,452.8,171.71,11357,25655,2880.4,25.882,20.308,43.324,4.5585,3.9137,6.0734,1.5985,49.793,0.5867,38.985,1.4924,1.0903,0.75786,31.475,11.4,4.04,176
317.54,529.64,202.42,12494,30506,4055.2,27.396,13.805,28.649,4.5547,3.1275,5.003,1.6458,58.073,0.61371,46.382,1.4776,1.1332,1.1634,57.347,11.4,4.04,176
299.55,477.51,189.74,6878.2,13915,1708.1,28.613,19.49,46.078,4.8171,3.865,6.4172,1.578,42.606,0.61629,30.931,1.0671,0.85807,1.1254,40.754,6,4.2,47.1
291.66,475.08,188.89,10109,22390,2273.8,24.449,19.236,43.968,4.4312,3.7958,6.1501,1.6097,39.888,0.62565,29.6,1.3463,1.3195,1.1944,36.238,6,4.2,47.1
288.66,463.17,179.41,12268,25537,2379.6,17.855,12.992,33.747,3.7753,3.0755,5.4269,1.5756,41.553,0.59048,31.622,1.1557,1.3918,0.67044,29.167,6,4.2,47.1
378.79,513.11,203.1,19632,31050,4390.7,15.881,14.119,31.879,3.4927,3.1833,5.2235,1.3404,42.122,0.52437,27.998,1.5559,1.4001,1.1528,68.428,6,4.2,47.1
421.35,584.26,244.4,14380,28591,5964.9,15.993,10.242,21.926,3.5366,2.7213,4.3726,1.3851,47.383,0.58171,33.483,1.1101,1.3216,1.2597,106.24,6,4.2,47.1
434.54,604.57,258.21,23587,50804,11507,10.828,8.2846,17.974,2.8635,2.3442,3.8417,1.3966,51.312,0.60302,37.321,1.2117,1.4697,1.1241,117.77,6,4.2,47.1
373.37,607.24,226.92,13501,35042,4712.1,31.862,14.237,30.942,4.8509,3.0679,5.1252,1.6214,44.431,0.60049,31.14,1.3738,1.3564,1.6409,95.873,6,4.2,47.1
389.82,628.28,229.17,13079,35108,4817.9,34.249,17.669,33.145,5.1721,3.4611,5.3519,1.6117,49.975,0.58422,35.056,1.1403,1.3142,1.6208,105.57,6,4.2,47.1
372.3,596.64,218.14,10241,26503,3703.8,23.781,12.358,30.091,4.3503,2.9829,5.1663,1.5999,47.546,0.5831,29.349,0.93803,1.274,1.6062,90.877,6,4.2,47.1
396.73,639.36,236.05,13645,37057,5919.3,18.735,8.2195,21.978,3.8497,2.439,4.3514,1.6096,55.486,0.59485,35.68,1.4566,1.4415,1.6132,111.61,6,4.2,47.1
385.23,626.27,228.81,15096,38836,4904.5,19.074,8.4966,26.834,3.8094,2.4302,4.8171,1.619,47.317,0.58604,32.247,1.4106,1.4236,1.7039,103.87,6,4.2,47.1
380.54,616.4,227.36,10484,27742,3900.3,22.912,9.8764,26.223,4.2868,2.7119,4.8382,1.6149,44.615,0.59354,26.713,1.3393,1.3142,1.6006,99.945,6,4.2,47.1
375.69,613.48,229.66,11750,30556,4481.6,17.949,8.8399,24.233,3.7904,2.5504,4.6215,1.6286,44.997,0.60787,28.404,1.2727,1.489,1.5751,98.618,6,4.2,47.1
390.8,639.51,239.28,11747,32467,5143.9,23.294,9.4762,25.2,4.2929,2.6549,4.6722,1.6315,46.988,0.60806,34.533,1.2301,1.523,1.5934,111,6,4.2,47.1
411.26,663.08,245.29,13119,34158,4921.3,22.808,10.811,35.036,4.1909,2.8511,5.4,1.6104,47.14,0.59414,29.516,1.3997,1.4352,1.6966,123.21,6,4.2,47.1
422.78,651.01,219.18,19925,47045,5167.7,12.837,6.8262,22.577,3.1429,2.2036,4.4283,1.5383,47.971,0.51333,32.239,1.6349,1.5498,1.7914,116.71,6,4.2,47.1
469.31,734.79,246.63,21516,52681,6239.8,17.501,7.7403,26.099,3.6007,2.3465,4.7507,1.5615,55.909,0.51998,40.736,1.4098,1.6912,1.9614,155.19,6,4.2,47.1
402.38,619.07,215.88,18720,43981,5412.6,18.031,9.5638,26.368,3.6859,2.5592,4.7529,1.532,54.653,0.52795,41.916,1.4065,1.439,1.8496,103.13,6,4.2,47.1
348.49,561.31,212.57,8565.9,18756,2225.9,23.071,12.721,32.255,4.3103,3.1037,5.4158,1.5967,42.457,0.59891,28.313,1.0395,1.1146,1.3501,75.111,6,4.2,47.1
353.49,570.5,211.73,9947.5,21963,2342.1,19.13,10.5,31.12,3.9571,2.8207,5.3287,1.6032,42.515,0.58713,27.919,1.2748,1.1866,1.3856,78.361,6,4.2,47.1
323.62,521.53,197.32,7376.9,16435,1906.4,26.82,16.152,38.678,4.6767,3.517,5.8977,1.6016,42.104,0.60046,26.312,1.066,1.0309,1.2456,55.615,6,4.2,47.1
347.31,558.95,206.95,9815.3,22881,2609,23.415,12.635,33.21,4.3087,3.0468,5.4595,1.6024,40.418,0.58692,25.319,0.9891,1.1272,1.4688,72.877,6,4.2,47.1
421.61,703.93,266.84,15460,43457,6616.1,19.916,8.4501,34.134,3.8669,2.4681,5.1995,1.6672,47.289,0.63046,31.579,1.4433,1.6043,1.8037,140.97,6,4.2,47.1
379.44,604.28,217.83,10408,26295,3364.3,21.244,10.631,28.976,4.1165,2.7755,5.0946,1.5875,42.08,0.56923,26.667,1.1411,1.2895,1.5838,94.41,6,4.2,47.1
439.82,677.08,230.05,20177,47058,5034.4,18.247,8.8751,27.328,3.717,2.517,4.887,1.535,52.945,0.51678,37.841,1.9563,1.354,1.2273,129.88,6,4.2,47.1
366.67,574.08,209.18,14370,32971,3939.1,23.095,14.001,32.143,4.2254,3.1303,5.2815,1.5562,48.501,0.5582,37.311,1.7289,1.2031,1.2992,81.804,6,4.2,47.1
424.97,669.39,239.78,20928,50328,6258.5,16.583,7.2678,21.511,3.5066,2.2275,4.2893,1.5688,50.338,0.55684,38.403,1.9556,1.5572,1.3503,126.75,6,4.2,47.1
413.78,643.34,225.19,30668,71852,7380.6,11.088,7.0328,19.203,2.8323,2.09,4.0729,1.5473,50.318,0.53087,34.592,1.671,1.8822,2.0872,114.1,6,4.2,47.1
339.4,538.03,195.53,14224,30553,3192.1,30.522,18.849,38.828,4.8607,3.7381,5.8377,1.5649,49.434,0.5554,36.513,1.0121,0.84498,1.6708,63.042,6,4.2,47.1
435.17,680.21,235.04,24648,59204,7127.8,27.648,14.066,29.966,4.5122,3.1272,5.0776,1.5564,59.587,0.53107,46.1,1.3214,1.4311,2.0822,130.71,6,4.2,47.1
296.29,486.78,188.68,9404.2,23247,2825.1,19.272,12.877,33.332,4.0047,3.1322,5.3815,1.6336,36.996,0.62367,26.79,0.99753,1.1398,1.4498,38.495,2.95,2.85,105
335.88,547.84,202.95,16126,40719,4766.2,14.873,8.9268,21.414,3.3923,2.4656,4.3626,1.6199,41.282,0.59125,27.24,1.4737,1.4869,1.6266,66.394,2.95,2.85,105
348.75,555.36,203.59,14089,34652,4183.1,16.087,8.9035,23.378,3.5587,2.51,4.5826,1.5819,45.263,0.57434,30.888,1.4394,1.4199,1.6006,71.524,2.95,2.85,105
372.29,598.59,223.75,10655,28022,4069.8,24.053,11.261,25.671,4.3396,2.8216,4.7721,1.6048,45.281,0.59611,32.262,1.1439,1.3954,1.5399,92.721,2.95,2.85,105
401.76,643.92,238.2,14340,37245,5724.7,18.491,8.3849,25.14,3.788,2.4387,4.7057,1.5989,51.418,0.58885,40.927,1.0801,1.6132,1.6816,114.5,2.95,2.85,105
393.92,607.35,213.19,12704,29218,3533.5,22.314,11.38,27.69,4.1867,2.8522,4.9771,1.536,49.127,0.53594,31.99,1.1359,1.4576,1.5412,97.56,2.95,2.85,105
337.43,543.69,205.83,8324,22503,3226,27.755,15.937,35.146,4.7022,3.4049,5.52,1.6062,43.575,0.60487,27.909,1.0371,1.3494,1.4596,66.452,2.95,2.85,105
363.65,573.38,205.68,13504,32673,3880.1,18.502,10.225,27.644,3.8067,2.6956,4.9377,1.5702,43.785,0.55955,27.795,1.1897,1.4465,1.6572,80.06,2.95,2.85,105
342.5,550.6,205.2,9993.2,25751,3488.1,23.668,12.671,30.911,4.3441,3.0311,5.1808,1.6044,41.393,0.59329,27.168,1.2471,1.2365,1.4919,69.218,2.95,2.85,105
286.21,467.92,181.39,7755.8,19536,2596.5,22.511,16.019,34.68,4.3331,3.4989,5.5193,1.6256,37.074,0.62473,25.463,0.90497,1.1841,1.2773,32.241,2.95,2.85,105
290.78,475.08,184.11,8457.3,22011,2885.7,26.491,16.513,34.747,4.6032,3.5139,5.4852,1.6271,36.165,0.62426,21.972,1.0523,1.2585,1.4844,34.658,2.95,2.85,105
277.23,440.25,168.43,10881,26494,3050.9,18.444,13.628,30.752,3.8877,3.1678,5.2035,1.58,38.053,0.5898,25.743,1.0137,1.2861,1.3926,22.221,2.95,2.85,105
261.25,437.19,182.03,6251.8,16509,2522,28.667,18.861,37.15,4.8537,3.8151,5.6655,1.661,40.335,0.68415,30.628,1.0742,1.0568,1.161,35.524,8.505,10.05,300.5
311.33,499.77,193.79,10767,25641,3183.4,22.084,14.463,31.853,4.2072,3.2936,5.3212,1.5933,40.23,0.60872,29.488,1.0678,1.1304,1.6018,46.444,8.505,10.05,300.5
319.5,523.3,204.39,9801.8,26590,4049.4,31.854,18.978,34.024,5.0143,3.7194,5.3894,1.6315,42.621,0.63255,32.067,1.0647,1.1461,1.6207,56.764,8.505,10.05,300.5
393.63,632.4,230.36,11602,28338,3794.5,20.17,10.184,29.71,4.0165,2.7403,5.1274,1.6006,45.141,0.58054,27.548,1.0668,1.4108,1.5991,107.78,8.505,10.05,300.5
412.71,648.97,223.9,14380,34476,4108,15.643,7.8197,24.13,3.5117,2.3848,4.642,1.5669,50.714,0.53585,32.076,1.3822,1.431,1.6397,114.91,8.505,10.05,300.5
369.67,582.98,207.39,12232,30714,3840.6,23.107,11.285,27.132,4.2972,2.8676,4.9011,1.5716,48.145,0.55561,31.995,1.1674,1.1801,1.6438,84.286,8.505,10.05,300.5
230.81,382.67,160.14,5216,13684,2362.1,23.742,20.399,41.289,4.5431,4.0314,6.0594,1.647,36.216,0.68067,28.4,0.90973,0.96771,0.8113,38.671,8.505,10.05,300.5
275.19,459.31,183.27,6938.1,18144,2620,23.224,17.063,38.524,4.4144,3.6261,5.7731,1.6629,42.688,0.65323,31.452,1.1892,1.1115,1.0727,33.474,8.505,10.05,300.5
308.67,491.09,186.31,13930,32611,3796.1,18.256,14.191,30.323,3.8538,3.2246,5.1983,1.5755,43,0.5861,30.755,1.1762,1.2334,1.6693,41.86,8.505,10.05,300.5
223.37,379.49,161.57,3501.5,9309.3,1617.9,28.751,25.768,45.16,5.0746,4.5724,6.3291,1.6847,35.965,0.70851,27.791,0.7463,0.93595,0.65637,46.981,8.505,10.05,300.5
295.73,475.79,182.57,8791.7,21003,2783.5,26.63,15.871,31.302,4.5461,3.4075,5.2533,1.5974,40.199,0.60511,28.132,0.98439,1.1434,1.4323,34.594,8.505,10.05,300.5
340.88,558.97,214.11,11460,31720,4616.9,22.472,11.23,25.117,4.1798,2.8026,4.6982,1.6398,42.715,0.62485,27.75,1.2392,1.3325,1.6377,73.038,8.505,10.05,300.5
178.95,296.02,126.67,2968.2,6273.6,729.29,38.074,35.94,76.924,5.73,5.4202,8.2683,1.6289,30.47,0.68118,24.902,0.43365,0.42484,0.14674,67.098,8.505,10.05,300.5
183.62,312.68,138.31,2612.1,5921.6,777.67,32.756,34.316,63.802,5.3723,5.2489,7.6425,1.6803,33.313,0.72565,28.532,0.27175,0.42104,0.32441,62.767,8.505,10.05,300.5
153.17,272.09,131.96,1230.9,3399.2,697.87,51.769,41.583,69.117,6.8643,5.9563,7.9333,1.7603,30.59,0.84194,22.937,0.10861,0.054359,0.13368,77.642,8.505,10.05,300.5
267.11,444.17,178.15,5354.2,13701,1739.7,26.964,20.053,41.648,4.7325,3.9515,6.0403,1.6556,35.484,0.65348,26.455,1.007,1.0809,1.0457,36.955,8.505,10.05,300.5
270.45,452.49,174.14,6037.1,16391,1945.2,27.522,17.714,42.543,4.7281,3.6906,6.0903,1.6629,43.163,0.6302,27.944,1.1242,1.1361,1.1079,33.016,8.505,10.05,300.5
246.99,398.64,154.63,4633.8,10866,1521.9,26.944,21.284,43.785,4.8293,4.1523,6.2956,1.5999,36.445,0.61326,24.731,1.0073,1.0051,0.54455,40.239,8.505,10.05,300.5
286.81,475.87,180.71,6172.3,16235,2144.2,29.754,17.66,37.049,4.8614,3.6178,5.6732,1.6522,39.088,0.62235,25.525,1.1442,1.1285,1.0909,36.169,8.505,10.05,300.5
286.26,479.57,182.75,8536.2,23813,3108.9,25.126,12.85,29.893,4.4429,3.0634,5.1051,1.6679,42.604,0.6295,27.672,1.3011,1.1783,1.1266,34.799,8.505,10.05,300.5
287.94,479.14,185.35,8775.7,23699,2968.2,21.659,13.863,27.9,4.194,3.2,4.9924,1.6553,42.718,0.63205,29.018,1.251,1.2717,1.2747,34.832,8.505,10.05,300.5
277.64,463.32,178.49,5829,15536,1972.7,31.322,16.395,38.117,4.9702,3.5221,5.7821,1.659,43.699,0.63122,28.719,1.0698,1.0329,1.1138,35.732,8.505,10.05,300.5
277.55,463.46,179.27,5221.1,14692,1961.9,30.2,17.079,38.864,4.9354,3.618,5.8368,1.6655,38.258,0.64044,23.483,1.0935,1.0833,1.0383,36.637,8.505,10.05,300.5
285.63,476.87,181.86,6084.5,17162,2243.8,33.22,17.145,36.373,5.1009,3.5462,5.6177,1.664,41.482,0.62761,26.195,1.1771,1.0539,1.0572,37.041,8.505,10.05,300.5
288.31,489.53,189.74,8456.7,24982,3499.8,25.6,14.149,30.9,4.454,3.1414,5.1304,1.6919,44.598,0.64816,29.467,1.2989,1.1163,1.3607,38.814,8.505,10.05,300.5
283.77,466.58,178.53,7654,19621,2476.3,22.803,16.491,33.853,4.3402,3.5324,5.4665,1.6323,44.895,0.61619,31.328,1.0955,1.3318,1.0686,31.285,8.505,10.05,300.5
273.63,461.13,180.95,7379.2,20806,2958.5,22.647,14.452,32.21,4.3044,3.2951,5.3056,1.6756,42.217,0.64924,29.158,1.2484,1.1959,1.183,30.9,8.505,10.05,300.5
293.9,481.48,178.55,8099.9,21678,2939.6,31.889,15.82,30.764,4.9594,3.3719,5.1686,1.6266,50.219,0.59613,34.493,1.2557,1.0462,1.0941,35.438,8.505,10.05,300.5
298.15,492.4,186.1,6895.4,20585,3075.8,30.623,12.902,25.487,4.8921,3.1077,4.7962,1.6507,47.208,0.61838,31.697,1.0689,1.2684,1.1274,40.951,8.505,10.05,300.5
296.88,485.92,181.24,7246.1,19477,2829.3,31.938,15.649,30.967,5.0062,3.4057,5.2099,1.6328,48.545,0.60294,33.645,1.1043,0.98839,1.0822,38.301,8.505,10.05,300.5
225.8,380.67,162.44,4075.7,11165,1909.6,25.256,22.224,41.692,4.733,4.2006,6.1091,1.6795,39.046,0.70819,29.089,0.62674,0.98754,0.82363,42.852,8.505,10.05,300.5
216.44,363.96,157.33,3846.8,10486,1885.9,27.794,28.364,51.037,4.9609,4.7282,6.7449,1.6731,36.774,0.71529,27.375,0.46559,0.78656,0.89955,46.954,8.505,10.05,300.5
213.11,368.23,164.85,3570.2,9935.8,1905.9,27.151,23.177,42.655,4.9269,4.3334,6.1277,1.7122,36.715,0.75821,28.493,0.49842,0.83706,0.92793,46.754,8.505,10.05,300.5
285.17,472.3,181.99,8009.4,19984,2360,22.941,13.63,32.795,4.264,3.1889,5.3639,1.6413,43.262,0.62059,32.125,1.0973,1.2344,1.1595,32.858,8.505,10.05,300.5
255.76,425.54,170.69,5591.8,13656,1546.6,26.249,20.56,46.698,4.6976,4.0394,6.3926,1.6551,40.683,0.64714,30.996,1.0818,1.0756,0.97374,36.848,8.505,10.05,300.5
253.86,425.37,168.05,7842.5,20411,2412.4,21.565,15.997,37.864,4.2279,3.4991,5.75,1.6561,48.628,0.63944,34.454,1.3112,1.168,1.0737,27.444,8.505,10.05,300.5
401.02,640.85,234.66,15717,40456,6434.4,20.905,9.1797,25.048,3.9868,2.5552,4.6232,1.5913,63.869,0.57355,56.008,1.6562,1.3566,1.6519,112.7,8.505,10.05,300.5
411.36,650.22,235.59,14824,37176,5282.5,19.103,9.318,29.474,3.8334,2.5818,5.0274,1.5757,54.804,0.56731,41.192,1.6191,1.4804,1.5587,117.73,8.505,10.05,300.5
427.45,660.75,224.96,19231,45934,5169.4,16.789,7.5094,24.391,3.5591,2.2959,4.6153,1.5411,53.579,0.51695,39.167,1.8387,1.6474,1.2931,121.64,8.505,10.05,300.5
315.81,513.51,189.4,14929,35865,4102.8,23.453,13.037,27.65,4.2639,3.0362,4.8867,1.6084,50.344,0.58083,37.885,1.6234,1.0516,1.0308,49.821,8.505,10.05,300.5
321.48,508.45,188.91,12579,27833,3353.2,25.214,17.747,32.845,4.4473,3.5822,5.3276,1.5651,56.736,0.56552,46.094,1.5492,0.8567,1.0081,49.845,8.505,10.05,300.5
383.13,587.71,200.69,20485,49178,5336.9,18.892,10.699,27.498,3.7707,2.6875,4.8219,1.5332,59.798,0.51496,41.211,1.9777,1.4829,0.99907,87.077,8.505,10.05,300.5
