1,2808,238.15,374.04,149.29,13505,28151,2859.8,14.883,10.002,27.188,3.4769,2.745,4.93,1.5415,35.892,0.58989,29.121,1.059,1.0423,1.1047,19.269,6,4.2,47.1
1,2808,221.98,355.17,146.37,7871.4,18262,2064.5,19.204,17.273,41.735,4.1022,3.6975,6.1205,1.5838,33.728,0.63085,26.356,0.78779,1.0494,0.99663,64.854,6,4.2,47.1
1,2808,282.39,462.3,193.19,6999.6,15379,1886.2,28.424,19.636,40.226,4.8146,3.8816,5.9909,1.6188,40.261,0.66422,31.954,1.0921,1.0881,1.0857,54.788,6,4.2,47.1
1,2808,242.72,385.75,155.83,12687,26989,2591.3,19.192,17.831,42.766,4.037,3.719,6.153,1.5593,38.091,0.59845,33.6,0.62394,1.246,1.2973,52.799,6,4.2,47.1
1,2808,283.54,401.09,175.99,7439.8,11050,1759.2,25.088,25.57,47.439,4.5629,4.5139,6.4412,1.392,39.463,0.60375,27.688,1.0601,0.83478,0.88601,60.006,6,4.2,47.1
1,2808,293.43,419.48,185.24,7032.4,11284,1985.2,27.618,25.748,48.258,4.7729,4.5568,6.4749,1.4109,42.81,0.61684,30.855,1.0324,1.0109,1.0669,60.389,6,4.2,47.1
1,2808,230.55,388.12,164.03,5005.8,11915,1374.1,23.752,22.132,51.072,4.5617,4.1931,6.6879,1.666,34.419,0.68864,27.163,0.94925,0.94501,0.79747,41.925,6,4.2,47.1
1,1416,394.69,660.69,242.46,12861,35702,4692.4,20.035,9.5827,26.927,3.9751,2.6164,4.8051,1.6706,46.871,0.60948,29.228,1.4244,1.4766,1.4971,117.9,6,4.2,47.1
1,1416,344.57,562.38,210.24,10834,28905,3655.8,21.808,11.063,27.353,4.1634,2.8002,4.934,1.6284,42.778,0.60457,26.26,1.2716,1.15,1.3969,73.829,6,4.2,47.1
1,1416,384.79,644.73,245.41,13169,36908,5323.6,20.91,9.7706,29.223,4.067,2.6823,4.9148,1.6739,43.823,0.63481,27.783,1.4308,1.4332,1.6686,112.3,6,4.2,47.1
1,1416,442.22,726.37,273.75,22211,62590,8989.8,12.34,6.0582,18.177,3.049,2.0304,3.8662,1.643,52.343,0.616,36.516,1.2433,1.6684,1.9055,123.51,6,4.2,47.1
1,1416,426.31,694.13,262.82,17520,46078,7023.6,15.802,7.0632,21.265,3.44,2.2136,4.1987,1.6226,51.307,0.6118,38.207,1.5487,1.7168,1.7606,109.1,6,4.2,47.1
1,1416,435.17,718.93,271.87,19982,57223,8080.1,12.708,5.7943,21.316,3.0919,2.0023,4.1199,1.651,48.641,0.62161,32.726,1.3594,1.8037,1.7588,119.53,6,4.2,47.1
1,1416,438.15,559.97,224.36,11803,20025,4444.1,21.798,15.546,28.596,4.1638,3.4124,5.0306,1.2721,62.654,0.50946,43.476,1.5074,0.93145,1.034,73.864,6,4.2,47.1
1,1416,440.08,610.3,255.38,21575,42895,8965.6,10.926,6.8339,15.777,2.9402,2.22,3.6785,1.3842,57.926,0.57982,43.31,1.123,1.5807,1.5085,94.163,6,4.2,47.1
1,1416,442.44,588.61,250.12,13698,22284,4708.7,20.468,14.511,30.656,3.9713,3.2516,5.1479,1.3217,48.52,0.56219,33.854,1.1089,1.174,1.3674,88.15,6,4.2,47.1
1,696,392.51,628.14,229.73,13847,35301,4871.7,22.736,9.4982,25.994,4.2019,2.6166,4.7428,1.5937,54.935,0.5783,35.88,1.1632,1.5445,1.66,106.32,6,4.2,47.1
1,696,372.22,595.75,217.75,12215,29698,3737.7,21.783,11.653,29.119,4.1331,2.8741,5.0916,1.5922,47.658,0.5772,29.831,1.1524,1.4541,1.5504,90.548,6,4.2,47.1
1,696,372.64,606.08,225.61,10412,29039,4303.4,22.001,10.065,24.174,4.1904,2.6877,4.6152,1.6208,49.271,0.6024,30.921,1.3034,1.3865,1.5437,95.077,6,4.2,47.1
1,696,416.36,662.84,245.25,17927,43875,5637.2,18.692,8.0271,24.438,3.6959,2.4132,4.5315,1.5849,50.008,0.57998,37.579,1.1979,1.541,1.7087,94.758,6,4.2,47.1
1,696,447.03,708.04,255.27,14670,35453,4584.5,18.351,8.4211,27.51,3.7404,2.5106,4.875,1.5808,51.255,0.56728,34.163,1.2025,1.5489,1.6333,115.71,6,4.2,47.1
1,696,381.33,606.1,224.53,16493,38806,4517,15.766,7.6241,23.993,3.484,2.3401,4.6055,1.5801,45.747,0.57649,31.651,1.1886,1.423,1.4905,67.335,6,4.2,47.1
1,696,454.19,597.45,246.44,22242,34955,6381.3,10.591,7.7028,21.356,2.862,2.3895,4.2224,1.3046,49.169,0.53842,31.476,1.1065,1.4549,1.5417,92.279,6,4.2,47.1
1,696,462.41,616.28,257.15,18277,28089,5269.8,11.794,8.9975,25.735,3.0656,2.6082,4.614,1.3232,48.057,0.55179,30.049,1.0328,1.4386,1.275,101.5,6,4.2,47.1
1,696,475.36,610.39,247.05,17342,26001,4899.7,14.819,9.3445,25.272,3.3537,2.6552,4.6204,1.2758,49.344,0.51572,32.822,1.0258,1.4602,1.3415,100.86,6,4.2,47.1
1,1272,387.78,638.73,240.15,10986,31928,4890.8,22.026,9.5358,24.337,4.1973,2.6398,4.6217,1.6497,45.009,0.62014,29.095,1.2712,1.4508,1.5162,110.28,6,4.2,47.1
1,1272,394.6,664.96,245.58,12055,35872,5136.6,21.573,9.5393,24.353,4.1322,2.6229,4.5653,1.684,46.707,0.62048,30.725,1.4465,1.4763,1.5192,119.67,6,4.2,47.1
1,1272,377.55,634.76,240.8,12494,37646,5830.8,20.414,9.5958,22.674,3.9822,2.5608,4.3913,1.6812,43.675,0.63737,28.816,1.4313,1.444,1.598,106.98,6,4.2,47.1
1,1272,413.43,674.9,251.8,16355,44331,6476.5,19.11,8.3251,25.573,3.7932,2.4555,4.567,1.6307,50.022,0.60472,36.353,1.371,1.5916,1.6751,98.587,6,4.2,47.1
1,1272,367.74,584.97,222.27,19822,46726,5460.4,13.345,6.6632,22.162,3.1687,2.1668,4.3956,1.5818,45.588,0.58874,35.374,1.4815,1.5852,1.5272,58.318,6,4.2,47.1
1,1272,428.04,690.46,255.2,15917,42614,6431,14.5,7.3212,21.09,3.3494,2.2957,4.22,1.6098,50.578,0.59441,36.858,1.2094,1.5484,1.5878,106.77,6,4.2,47.1
1,1272,436.85,583.32,244.18,14146,26751,5954.3,15.18,9.1807,22.773,3.4473,2.6178,4.4056,1.3363,48.561,0.56197,32.665,1.1333,1.3586,1.1664,84.064,6,4.2,47.1
1,1272,455.98,582.74,225.49,17119,32747,6778.6,16.616,14.865,31.118,3.5931,3.2767,5.2232,1.2813,62.675,0.49736,43.456,1.4769,1.0335,1.1358,84.303,6,4.2,47.1
1,1272,419.89,571.66,246.3,15896,28529,5987.3,15.036,8.9786,23.66,3.4024,2.5764,4.4163,1.3557,45.049,0.58479,28.383,1.2596,1.2677,1.2675,77.615,6,4.2,47.1
1,1200,382.58,622.85,227.64,12050,31981,4289.8,20.971,9.5551,25.308,4.0493,2.6084,4.7094,1.6249,42.901,0.59144,28.837,1.4464,1.4454,1.5655,102.09,6,4.2,47.1
1,1200,384.26,624.51,229,13852,35086,4208,20.556,10.159,31.392,4.0198,2.717,5.182,1.6204,43.349,0.58783,27.605,1.2673,1.5033,1.7007,103.25,6,4.2,47.1
1,1200,350.07,560.52,204.13,9532.6,24096,3096.4,24.333,11.49,29.74,4.4412,2.9315,5.1367,1.5983,43.882,0.57802,27.029,1.0743,1.0508,1.552,73.225,6,4.2,47.1
1,1200,436.49,702.65,265.45,21384,55579,7232.8,14.12,7.3151,23.711,3.2102,2.2427,4.3443,1.6093,47.878,0.6034,31.151,1.0711,1.6901,1.5726,114.3,6,4.2,47.1
1,1200,435.98,582.74,242.26,18161,29218,5112.8,14.919,10.314,30.317,3.3218,2.725,5.0125,1.3258,49.31,0.54925,34.139,1.2697,1.4661,1.3726,83.278,6,4.2,47.1
1,1200,408.53,555.8,235.35,17550,31147,5742.6,14.758,9.1746,22.821,3.3494,2.5747,4.4076,1.3528,42.845,0.57141,27.045,1.236,1.3546,1.3453,68.307,6,4.2,47.1
1,1200,416.82,564.75,239.83,16591,27851,5075.2,13.78,9.4341,23.619,3.2644,2.6332,4.5051,1.3459,44.247,0.56966,27.098,1.2467,1.4384,1.3275,73.682,6,4.2,47.1
1,360,424.06,661.03,228.61,15033,34374,3958.6,19.666,9.5847,31.974,3.8831,2.6653,5.2509,1.5495,52.832,0.53,37.31,1.3651,1.4482,1.6314,121.78,6,4.2,47.1
1,360,411.16,646.73,230.05,13963,37220,5391.9,22.859,9.0554,23.176,4.2306,2.5888,4.4921,1.5727,53.741,0.55794,37.386,1.3569,1.4308,1.7394,115.47,6,4.2,47.1
1,360,420.75,653.08,225.89,15262,33724,3934.6,18.285,8.9861,30.013,3.7499,2.5912,5.1169,1.5417,52.458,0.52742,36.972,1.3672,1.406,1.6602,118.36,6,4.2,47.1
1,360,454.82,703.57,244.95,15214,35952,4766.1,17.015,7.8449,25.152,3.5823,2.4179,4.6803,1.5425,55.249,0.5324,40.816,1.2489,1.6468,1.5684,114,6,4.2,47.1
1,360,429.09,698.67,258.49,22437,61319,8048.9,12.707,6.479,22.359,3.0416,2.0877,4.2099,1.6261,53.294,0.59546,35.305,1.3007,1.9364,1.7292,109.83,6,4.2,47.1
1,360,474.76,604.48,239.84,28704,40089,5896.9,8.9487,7.1368,19.757,2.5666,2.259,4.1523,1.2582,48.476,0.49519,30.236,1.1357,1.5752,1.3224,97.397,6,4.2,47.1
1,360,468.68,598.21,232.87,29630,38601,5022.4,9.8952,7.8483,21.166,2.6645,2.3419,4.3167,1.2566,51.426,0.4835,31.514,1.3271,1.4633,1.3262,92.866,6,4.2,47.1
1,360,465.45,603.35,244.55,21782,33722,5808.6,10.69,8.2703,22.474,2.8901,2.4737,4.3908,1.2866,49.785,0.51911,32.264,1.1695,1.5557,1.4922,95.99,6,4.2,47.1
1,2148,308,496.53,191.18,7170.8,16794,1968.1,28.437,18.035,41.831,4.7731,3.6699,6.0496,1.6006,38.793,0.60821,26.248,0.95621,1.1056,1.2547,44.233,6,4.2,47.1
1,2148,353.4,472.59,194.43,17949,26271,4192.7,15.443,12.846,27.493,3.4668,3.0947,4.9096,1.3157,50.578,0.53613,33.039,1.4463,1.1655,1.2278,36.714,6,4.2,47.1
1,2148,347.71,558,213.71,7312.2,16813,2327.3,23.908,13.479,32.877,4.4406,3.2115,5.4616,1.5952,42.531,0.60616,28.329,0.97811,0.99121,1.3617,74.391,6,4.2,47.1
1,2148,255.88,408.17,163.77,13654,30290,2972.3,14.657,11.859,31.314,3.4613,2.9469,5.2684,1.5689,37.222,0.60304,30.652,1.2214,1.3331,0.85091,19.818,6,4.2,47.1
1,2148,274.29,437.53,173.77,7531.2,16107,1790.6,22.286,19.92,48.469,4.3641,3.9447,6.4779,1.5742,43.046,0.60995,33.836,0.72574,1.1824,1.182,54.998,6,4.2,47.1
1,2148,310.96,501.14,193.02,7031.2,17049,2145.9,28.144,17.774,41.827,4.7502,3.6383,6.0109,1.5993,38.715,0.60868,25.288,1.0924,1.1299,1.2383,51.853,6,4.2,47.1
1,2148,254.96,412.45,170.11,18956,41766,4218.6,24.006,14.235,33.301,4.2214,3.2456,5.2759,1.5819,40.983,0.61635,35.624,0.36462,1.2357,1.4382,33.986,6,4.2,47.1
1,2148,348.29,481.6,199.85,15869,24589,3699.6,15.334,13.875,30.578,3.4743,3.1952,5.1259,1.3606,43.385,0.55592,30.566,1.2879,1.3145,1.124,38.134,6,4.2,47.1
1,2148,283.33,405.47,173.45,6954.9,11139,1839.9,33.72,29.134,61.34,5.2784,4.8817,7.2697,1.4104,41.923,0.59576,28.315,0.77978,1.0123,1.1354,63.13,6,4.2,47.1
1,1704,333.99,532.55,199.05,6669.6,16074,1974.5,40.452,19.924,48.08,5.6879,4.0007,6.5541,1.5851,40.595,0.5879,25.463,0.77454,0.81228,1.3386,61.229,6,4.2,47.1
1,1704,355.81,588.6,225.59,6978.7,16914,2195.7,30.654,17.271,41.093,5.034,3.6129,6.0516,1.6438,41.354,0.62532,26.283,0.81151,0.71449,1.3979,86.73,6,4.2,47.1
1,1704,359.27,583.53,213.95,11505,28878,3510.8,18.187,8.66,26.846,3.8064,2.5402,4.8883,1.6162,46.775,0.58757,30.043,1.336,1.4316,1.494,83.48,6,4.2,47.1
1,1704,327.11,506.77,186.37,21657,46250,3843.8,12.847,13.014,28.424,3.1888,2.9222,4.9985,1.5287,44.298,0.5365,37.122,1.5615,1.5274,1.4575,22.757,6,4.2,47.1
1,1704,367.85,585.95,218.02,11996,27045,2890.6,20.038,10.919,32.63,3.9802,2.8253,5.4312,1.5821,45.159,0.57896,32.106,1.1547,1.3141,1.4901,57.537,6,4.2,47.1
1,1704,370.93,602.16,231.33,20791,52615,6476.8,12.163,5.9348,19.944,3.0265,1.9945,4.145,1.6165,47.35,0.60967,36.372,1.3164,1.6851,1.3523,65.496,6,4.2,47.1
1,1704,355.34,494.68,204.92,13031,23359,4555.1,26.815,19.352,34.051,4.521,3.7556,5.3923,1.3798,44.375,0.57184,28.867,1.2729,1.3155,1.4092,45.884,6,4.2,47.1
1,1704,448.07,626.44,266.76,18580,36889,8049.5,11.688,7.0741,17.098,3.0258,2.2663,3.8131,1.3958,46.649,0.59707,33.697,1.082,1.4677,1.5379,102.82,6,4.2,47.1
1,1704,435.63,596.45,254.78,22631,40719,8623.6,10.851,8.1024,18.778,2.8967,2.4026,3.9647,1.3625,49.15,0.58447,34.433,1.2097,1.4874,1.4454,89.536,6,4.2,47.1
1,192,367.98,567.33,199.02,15489,34715,3817.6,24.044,14.677,32.706,4.3297,3.2321,5.3436,1.5301,49.336,0.52737,37.895,1.0456,1.012,1.7603,78.005,6,4.2,47.1
1,192,369.7,575.14,205,12442,30637,3767.5,24.435,12.256,30.003,4.381,2.9638,5.1576,1.5523,45.796,0.5476,30.871,1.066,1.1852,1.5986,81.782,6,4.2,47.1
1,192,450.83,702.98,242.51,21928,51524,6760.2,16.548,7.8956,25.411,3.4835,2.3216,4.659,1.5518,61.052,0.53115,48.615,1.6924,1.4662,1.8575,141.92,6,4.2,47.1
1,192,370.87,579.44,212.92,21003,45652,4225.1,11.57,6.6569,23.959,2.9598,2.1398,4.608,1.5462,47.02,0.54998,39.769,1.1671,1.57,1.2881,55.448,6,4.2,47.1
1,192,464.25,721.78,254.21,18104,42341,5176.7,14.287,7.8745,27.871,3.2904,2.3908,4.8336,1.5523,51.697,0.54218,34.569,1.3218,1.6859,1.7056,123,6,4.2,47.1
1,192,397.89,624.12,225.58,23359,52782,5320.1,11.785,6.2789,22.981,2.9369,2.0479,4.4813,1.557,49.416,0.54832,40.626,1.3332,1.6137,1.463,76.017,6,4.2,47.1
1,192,472.17,591.44,230.21,22408,28354,3628,10.656,8.4871,28.029,2.8552,2.5276,4.9363,1.238,50.1,0.47663,31.823,1.1753,1.401,1.3076,91.957,6,4.2,47.1
1,192,504.23,623.49,240.02,31590,41165,5489.8,8.5252,6.3516,23.491,2.4691,2.1416,4.4388,1.2217,49.63,0.46543,32.064,1.0914,1.5221,1.3879,109.39,6,4.2,47.1
1,120,425.82,664.13,235.09,15675,36751,4705.5,20.648,11.977,28.796,4.0219,2.9366,5.013,1.553,57.762,0.54453,41.296,1.3867,1.2969,1.7649,124.52,6,4.2,47.1
1,120,405.19,607.96,203.28,21014,47297,5165.6,14.685,7.5562,25.619,3.3153,2.2577,4.6465,1.4934,51.608,0.49382,36.577,1.5021,1.5033,1.8136,98.034,6,4.2,47.1
1,120,431.37,664.95,230.03,20208,49678,6485.1,14.844,7.0092,21.315,3.3501,2.1786,4.2749,1.5384,63.833,0.52573,48.291,1.5054,1.4991,1.8241,124.84,6,4.2,47.1
1,120,452.66,697.55,239.56,17081,37440,4236.3,18.282,8.9666,31.02,3.6768,2.5838,5.2111,1.5293,54.347,0.51758,42.369,1.2604,1.5804,1.6008,110.69,6,4.2,47.1
1,120,473.07,721.59,242.83,17082,35790,3698.9,19.636,9.9714,33.082,3.8054,2.7369,5.4017,1.5171,54.177,0.50309,41.01,1.3552,1.52,1.6016,122.32,6,4.2,47.1
1,120,449.19,679.03,226.13,17543,36144,3404.4,18.082,9.6374,31.705,3.6788,2.6252,5.311,1.5044,50.304,0.49373,36.425,1.2066,1.5805,1.645,102.04,6,4.2,47.1
1,120,488.48,615.84,244.33,35117,46935,6899.3,8.2914,7.1933,20.855,2.4402,2.255,4.1408,1.2437,50.179,0.48917,32.066,1.3523,1.6098,1.4753,104.67,6,4.2,47.1
1,120,472.34,596.67,237.34,23770,31856,4998.9,10.306,7.9464,25.623,2.8078,2.4477,4.6419,1.2485,47.182,0.4945,31.3,1.0912,1.4801,1.5283,94.474,6,4.2,47.1
1,120,474.8,598.71,238.53,27018,35446,5316,9.4767,8.1154,26.055,2.6733,2.4687,4.6539,1.2457,49.433,0.493,31.95,1.0052,1.5465,1.5455,95.704,6,4.2,47.1
2,1116,248.13,391.71,149.68,7654.6,17566,2015.7,19.487,17.216,36.665,4.0776,3.6261,5.731,1.5662,36.236,0.58712,25.731,0.97603,1.0743,0.90924,30.994,8.505,10.05,300.5
2,1116,209.37,338.64,138.1,5531.1,12713,1732.8,24.43,22.664,40.603,4.5896,4.1878,6.0532,1.598,37.047,0.63487,29.728,0.89105,0.67599,0.76626,46.022,8.505,10.05,300.5
2,1116,243.41,389.96,149.35,8989.1,22411,2915.1,17.965,15.25,32.498,3.8964,3.398,5.3661,1.5911,36.347,0.59812,25.674,1.0892,1.1931,0.86754,26.022,8.505,10.05,300.5
2,1116,202.51,323.47,130.16,10476,25698,3124.5,26.324,20.399,54.732,4.7111,4.0899,6.9155,1.5837,32.904,0.61645,25.322,0.64682,1.1445,1.3099,72.936,8.505,10.05,300.5
2,1116,297.07,463.89,170.4,9143.7,22380,2813.9,23.931,16.458,33.017,4.4106,3.5262,5.4083,1.5578,40.256,0.56556,27.08,1.2593,1.3243,1.1263,45.626,8.505,10.05,300.5
2,1116,306.95,488.53,180.48,7072.1,16901,2150.5,25.918,16.208,38.348,4.6041,3.5233,5.7872,1.5828,38.456,0.57892,26.12,1.2058,1.1909,1.1454,51.123,8.505,10.05,300.5
2,1116,263.83,356.38,142.97,7355.9,10110,1352.7,25.274,33.105,45.948,4.6376,5.0313,6.46,1.3289,35.938,0.52548,24.271,1.0186,0.54828,0.15069,65.904,8.505,10.05,300.5
2,1116,281.59,395.25,159.31,5195.9,8516.1,1330.1,32.128,27.289,53.33,5.1662,4.7361,6.8881,1.3942,38.832,0.55759,24.233,1.0643,0.85836,0.78922,67.194,8.505,10.05,300.5
2,1116,283.1,382.23,151.16,7072.3,10599,1435.8,25.879,24.277,48.788,4.6101,4.4389,6.6585,1.3327,41.683,0.52115,25.24,0.94084,0.92463,0.87174,63.202,8.505,10.05,300.5
2,348,367.58,566.45,194.67,14279,32808,3474,24.838,12.19,29.089,4.3644,2.9109,5.057,1.5376,42.448,0.52161,26.704,1.0137,1.264,1.6288,76.637,8.505,10.05,300.5
2,348,380.42,592.66,206.17,14789,36945,4635.4,15.915,7.7537,20.89,3.5379,2.3576,4.3327,1.5571,44.545,0.53981,29.467,1.5721,1.4564,1.5128,88.974,8.505,10.05,300.5
2,348,384.46,598.72,203.65,12997,33063,4148.8,19.075,9.2254,27.408,3.8928,2.575,4.861,1.5563,46.013,0.52685,29.392,1.2686,1.2356,1.6995,90.817,8.505,10.05,300.5
2,348,414.16,629.42,209.95,17583,38552,3792.5,16.661,8.411,26.674,3.5655,2.4551,4.8613,1.5121,47.067,0.49774,31.201,1.4209,1.6868,1.3636,77.454,8.505,10.05,300.5
2,348,366.68,552.1,184.42,15985,35494,3519.2,15.6,8.2773,25.778,3.4956,2.4339,4.7963,1.4996,50.688,0.49046,36.676,1.4492,1.6094,1.3996,42.792,8.505,10.05,300.5
2,348,388.73,591.52,197.75,13340,28445,2765.6,18.199,10.502,31.675,3.7613,2.718,5.2844,1.5119,46.918,0.49839,31.546,1.1162,1.4764,1.3419,60.022,8.505,10.05,300.5
2,348,436.38,577.95,230.77,21049,33572,5909.5,11.886,8.4088,21.704,3.0107,2.4783,4.3083,1.3154,41.646,0.5255,26.161,1.1806,1.5401,1.2123,79.5,8.505,10.05,300.5
2,348,449.93,521.23,185.09,16486,19598,2858.5,16.731,13.995,28.853,3.5761,3.2552,5.0758,1.1474,52.822,0.406,30.147,1.0101,1.095,1.2476,68.11,8.505,10.05,300.5
2,348,430.18,540.37,207.96,24389,30627,4256,11.43,9.9664,23.668,2.9147,2.656,4.5706,1.238,47.446,0.4725,31.207,1.2159,1.2528,1.1093,64.739,8.505,10.05,300.5
2,1452,247.75,397.37,153.13,6029.1,14801,1920.7,23.403,17.497,36.986,4.4457,3.7043,5.7716,1.5978,37.674,0.60645,25.988,0.96681,1.1015,0.74605,33.903,8.505,10.05,300.5
2,1452,206.96,335.15,131.74,7302.2,19116,2584.1,25.3,22.091,56.379,4.667,4.2225,7.023,1.6118,35.398,0.61663,26.817,0.76997,1.0573,0.53988,46.094,8.505,10.05,300.5
2,1452,206.88,345.16,143.86,7044.9,19468,3016.5,18.639,13.417,32.656,4.0232,3.2803,5.3659,1.6584,35.418,0.6764,27.201,1.0158,1.0878,0.6932,38.148,8.505,10.05,300.5
2,1452,255.2,403.24,152.43,7886.4,18247,1994.9,23.22,21.581,40.85,4.485,4.0949,6.0636,1.5687,34.104,0.58121,23.904,1.1633,0.89294,1.0779,58.198,8.505,10.05,300.5
2,1452,292.28,455.58,165.96,11623,28457,3178.5,24.133,17.143,37.333,4.3947,3.5923,5.7334,1.5531,41.363,0.55325,27.115,1.446,1.3602,1.2393,42.527,8.505,10.05,300.5
2,1452,233.15,368.97,139.83,5643,12991,1443.1,23.542,22.859,48.936,4.5421,4.2553,6.6491,1.5679,35.408,0.58188,24.787,0.53931,1.0219,0.83079,69.21,8.505,10.05,300.5
2,1452,172.1,257.14,117.64,1945,4142.1,1011.2,38.324,33.797,48.08,5.8165,5.2909,6.6163,1.4848,26.654,0.67792,19.034,0.26527,0.43156,0.17431,95.486,8.505,10.05,300.5
2,1452,211.84,298.13,130.77,3293.2,5478.7,1063.1,31.873,40.004,48.443,5.3413,5.6548,6.6796,1.3922,33.246,0.6054,23.231,0.18784,0.25131,0.4748,83.085,8.505,10.05,300.5
2,756,292.2,454.47,164.64,8466.6,19731,2315.5,21.159,15.048,34.41,4.1623,3.3789,5.521,1.5476,41.617,0.55296,27.257,1.0303,1.1197,1.2046,25.742,8.505,10.05,300.5
2,756,306.87,480.19,173.04,10185,24141,3069.6,19.598,12.742,29.66,3.9524,3.0568,5.1069,1.5583,40.364,0.55753,26.225,1.0173,1.1779,1.448,35.514,8.505,10.05,300.5
2,756,308.3,487.9,178.73,14433,34921,4056.1,18.704,11.219,25.073,3.7882,2.7748,4.6568,1.5708,40.724,0.56635,28.46,1.0766,1.5382,1.7404,39.137,8.505,10.05,300.5
2,756,346.06,540.39,191.82,12317,30823,3898.2,20.339,10.837,26.315,4.0154,2.7805,4.8051,1.5581,45.73,0.55021,29.623,1.1649,1.3452,1.509,39.994,8.505,10.05,300.5
2,756,327.66,515.86,185.11,10425,26730,3292.7,19.447,11.983,26.706,3.9632,2.9478,4.8749,1.5748,43.596,0.56217,27.75,1.2018,1.3538,0.97443,38.29,8.505,10.05,300.5
2,756,262.09,409.39,150.84,7203.6,17833,2213.1,22.518,16.519,38.703,4.3212,3.5883,5.8957,1.5565,35.858,0.5679,23.709,0.66709,1.0291,1.2199,55.479,8.505,10.05,300.5
2,756,376.73,497.83,191.45,11383,17890,2893.8,19.318,15.096,30.841,3.9472,3.3881,5.215,1.3138,46.035,0.50391,28.796,1.0503,1.1196,1.0832,51.572,8.505,10.05,300.5
2,756,322.98,449.16,184.5,11280,20869,3831.8,21.38,19.443,31.133,4.17,3.8157,5.2217,1.3807,37.835,0.56752,24.395,1.2188,0.98798,0.81368,43.98,8.505,10.05,300.5
2,756,389.32,529.6,214.13,15091,24223,4114.1,17.841,12.944,27.003,3.753,3.0704,4.8672,1.3458,46.34,0.54248,28.894,1.362,1.2718,1.2812,53.177,8.505,10.05,300.5
3,1152,220.31,356.82,145.89,5983.2,13510,1854.2,23.069,21.586,42.344,4.4784,4.0971,6.1102,1.5963,37.917,0.63555,31.543,0.9636,0.79811,0.80327,41.477,2.95,2.85,105
3,1152,260.19,415.39,159.76,10346,24694,3095.5,17.691,17.203,33.384,3.8469,3.5588,5.4114,1.5816,38.013,0.59539,28.353,1.2322,1.2933,0.79106,23.06,2.95,2.85,105
3,1152,259.84,410.99,158.58,8475.1,19329,2337,19.095,17.287,33.823,4.0251,3.6037,5.4904,1.5663,37.602,0.59154,27.062,1.0022,1.1436,0.9796,26.485,2.95,2.85,105
3,1152,318.22,497.16,182.87,10636,25774,3235.5,24.671,15.898,35.286,4.4454,3.4462,5.4977,1.5593,38.704,0.56776,24.979,1.2449,1.4985,1.2117,41.47,2.95,2.85,105
3,1152,306.39,476.13,174.4,11044,26977,3434.6,19.529,13.503,30.125,3.9766,3.1547,5.1079,1.5462,39.546,0.56126,25.18,1.3712,1.2775,0.94044,38.718,2.95,2.85,105
3,1152,325.25,515.44,188.86,8738.1,20253,2440.2,24.358,14.834,35.138,4.4193,3.3283,5.5406,1.5764,39.144,0.5713,26.539,1.2541,1.3493,1.1847,46.869,2.95,2.85,105
3,1152,260.34,354.15,145.98,7522.8,10711,1509.5,36.111,50.087,62.826,5.6289,6.3038,7.5713,1.3365,38.065,0.54168,26.075,1.1832,0.30756,0.16877,70.871,2.95,2.85,105
3,1152,294.9,415.4,168.11,5529.3,9234.2,1472.2,30.514,23.907,46.235,5.0052,4.4208,6.3834,1.396,39.37,0.56166,24.209,1.0641,0.96207,0.86936,64.222,2.95,2.85,105
3,1152,237.73,323.77,135.45,4249.3,7173.9,1152.9,28.737,29.088,52.116,5.0396,4.9092,6.8647,1.3525,32.61,0.5629,20.287,0.23514,0.53596,0.69451,76.156,2.95,2.85,105
3,360,406.28,636.34,219.83,16375,40971,5095.9,16.065,7.067,21.402,3.5014,2.2469,4.3393,1.5634,47.977,0.53764,30.505,1.5607,1.4524,1.6999,109.27,2.95,2.85,105
3,360,376.74,572.58,194.71,15288,33685,3263.2,20.077,10.476,26.941,3.9014,2.678,4.8857,1.514,43.873,0.5074,28.088,1.1493,1.3952,1.5274,80.382,2.95,2.85,105
3,360,411.8,640.19,222.69,18123,44703,5557.8,14.111,6.6544,20.147,3.2957,2.164,4.2151,1.5523,48.59,0.53658,31.645,1.6261,1.5768,1.6545,112.25,2.95,2.85,105
3,360,381.26,572.18,193.13,26170,58202,5084,11.525,8.0352,21.083,2.9249,2.2857,4.3425,1.4953,46.985,0.49103,33.574,1.8794,1.679,1.331,51.388,2.95,2.85,105
3,360,438.85,668,223.73,13661,29595,3427.3,19.241,9.7558,30.272,3.8367,2.7111,5.1678,1.5161,47.759,0.5029,32.824,1.177,1.3977,1.52,96.273,2.95,2.85,105
3,360,401.67,603.71,203.05,17976,40391,4223.3,15.36,7.748,24.364,3.431,2.3334,4.6405,1.4985,50.9,0.4964,36.99,1.4897,1.6872,1.5595,66.455,2.95,2.85,105
3,360,490.75,604.31,228.96,19061,26129,4165,16.689,11.97,26.589,3.5271,2.9602,4.8655,1.2252,50.555,0.46284,31.442,1.2709,1.3627,1.3344,98.727,2.95,2.85,105
3,360,438.17,500.73,174.41,18565,20108,2546.7,16.709,14.585,34.047,3.5138,3.2929,5.4417,1.1292,46.885,0.39129,26.95,1.0035,1.1854,1.2431,63.429,2.95,2.85,105
3,360,463.66,614.36,245.93,21757,35135,6324.8,10.752,7.7636,20.563,2.8922,2.3993,4.1778,1.3171,43.714,0.52862,27.984,1.113,1.5862,1.333,98.601,2.95,2.85,105
3,1416,266.25,425.28,163.99,7139.6,17017,2170.9,21.994,15.822,33.703,4.2755,3.4974,5.5155,1.5859,39.368,0.60073,28.418,1.0344,1.1535,0.84053,28.84,2.95,2.85,105
3,1416,209.93,350.49,148.29,7720.2,21035,3348.8,23.525,15.582,37.058,4.4226,3.5418,5.6694,1.661,35.795,0.68667,28.675,1.0353,0.98672,0.58048,37.852,2.95,2.85,105
3,1416,230.58,372.7,147.32,9020.5,23301,3236.7,22.507,22.234,51.415,4.3859,4.1494,6.6387,1.6061,37.938,0.61983,29.904,0.92843,1.2392,0.63196,34.913,2.95,2.85,105
3,1416,279.13,440.25,166.81,8916.2,20146,2243.1,23.06,18.621,37.827,4.4026,3.7975,5.7947,1.5665,34.68,0.58453,23.805,1.2347,1.0617,1.2357,50.714,2.95,2.85,105
3,1416,308.77,486.61,181.85,6623.4,14797,1829.4,30.73,19.395,45.62,4.9849,3.8552,6.2869,1.5659,38.991,0.58025,27.396,1.2452,1.1471,1.0175,55.113,2.95,2.85,105
3,1416,274.87,432.31,161.77,7854.8,19250,2378.6,24.859,19.078,41.538,4.5558,3.8653,6.0901,1.57,37.46,0.57953,24.433,0.82421,1.2274,1.2656,53.213,2.95,2.85,105
3,1416,231.81,312.8,131.93,3769.6,5396.4,919.71,32.263,48.654,63.578,5.3573,6.206,7.5637,1.3328,35.15,0.55506,24.49,0.3258,0.26636,0.46723,81.408,2.95,2.85,105
3,1416,310.58,419.21,169.01,13631,22209,3554.5,17.819,16.976,31.984,3.7836,3.5976,5.2786,1.3342,38.454,0.53385,24.71,1.4055,0.99978,0.9076,41.902,2.95,2.85,105
3,768,344.22,545.19,199.41,15145,35851,4302.6,18.415,9.9934,23.437,3.7779,2.6314,4.5449,1.5732,45.182,0.56757,30.549,1.1018,1.5313,1.7118,66.92,2.95,2.85,105
3,768,318.74,499.23,182.84,10438,23876,2969.3,19.761,12.393,27.698,3.9752,3.0249,4.9762,1.5573,44.072,0.56452,29.674,1.1591,1.2496,1.3479,45.448,2.95,2.85,105
3,768,333.77,520.58,187.62,12386,28765,3859.8,18.599,11.72,28.188,3.8291,2.8941,4.9435,1.5515,44.865,0.55571,30.112,1.0965,1.3832,1.5613,55.488,2.95,2.85,105
3,768,356.92,561.1,201.55,11046,27922,3478.5,18.737,9.8501,24.451,3.8825,2.6825,4.6976,1.5703,42.835,0.56271,25.185,1.2318,1.41,1.1331,45.571,2.95,2.85,105
3,768,354.39,551.43,195.77,12056,28205,3297,18.747,10.068,26.199,3.8528,2.7013,4.8365,1.548,44.507,0.5429,28.043,1.0324,1.4316,1.3732,43.728,2.95,2.85,105
3,768,281.65,441.01,162.23,8695.1,21081,2595.8,21.349,15.222,35.489,4.1979,3.4194,5.6406,1.5594,37.124,0.56877,24.055,0.99582,1.0471,1.2952,49.062,2.95,2.85,105
3,768,293.95,398.79,167.58,7716.9,11491,1991.4,29.607,25.837,45.245,4.901,4.5158,6.2996,1.3391,40.066,0.55958,24.068,1.1035,0.91508,0.92098,59.898,2.95,2.85,105
3,768,339.95,443.45,174.12,11232,17604,2538.5,25.793,24.207,39.386,4.501,4.2327,5.8658,1.2948,42.228,0.50316,28.548,1.0781,1.3216,1.0901,48.955,2.95,2.85,105
3,768,309.51,414.18,169.67,5937.9,7978.7,1281.4,28.935,26.883,54.548,4.8788,4.6877,6.8783,1.3231,41.418,0.53796,26.169,0.92279,0.99183,1.0432,65.601,2.95,2.85,105
4,1128,292.01,468.85,174.46,12254,28456,3362.7,19.521,14.01,31.578,3.9733,3.2213,5.2879,1.5914,47.219,0.57997,35.549,1.0025,1.2787,1.5014,30.234,8.505,10.05,300.5
4,1128,259.58,437.13,178.34,7144.3,17986,2493.3,24.997,18.794,37.19,4.6058,3.8195,5.6674,1.6682,42.126,0.66872,30.386,1.0878,1.1202,1.2207,33.414,8.505,10.05,300.5
4,1128,258.92,415.69,156.98,9565,22522,2858.2,18.926,15.755,29.979,3.9842,3.4006,5.1343,1.5867,43.905,0.58758,33.461,1.2452,1.1888,1.157,22.433,8.505,10.05,300.5
4,1128,257.21,412.15,157.78,9818.7,22796,2387.1,19.698,14.9,33.033,4.0136,3.3274,5.4091,1.5827,39.23,0.58794,29.621,1.2011,1.092,1.061,48.459,8.505,10.05,300.5
4,1128,350.79,548.16,195.07,33969,70478,5946.6,11.44,10.179,21.068,2.905,2.4995,4.2999,1.5301,50.92,0.51606,44.195,1.4256,1.3802,1.2963,38.556,8.505,10.05,300.5
4,1128,293.08,465.12,174.28,19070,43107,4013,11.991,8.6765,26.181,3.1129,2.4859,4.8152,1.5644,42.846,0.55985,35.476,1.5221,1.3279,0.93607,23.746,8.505,10.05,300.5
4,1128,205.41,315.2,138.74,3816.8,6919.4,1181.8,28.324,29.96,50.203,4.9862,4.9026,6.7507,1.5125,34.769,0.65517,26.63,0.56784,0.3214,0.39838,78.518,8.505,10.05,300.5
4,1128,220.97,331.07,144.17,4254.3,6900.3,1011.5,26.738,30.079,51.976,4.8537,4.9091,6.9033,1.4741,35.628,0.62946,25.435,0.65762,0.41411,0.48224,75.152,8.505,10.05,300.5
4,1128,176.66,278.44,128.2,2511.1,4272.8,733.87,40.801,38.653,74.633,5.9032,5.7241,8.1868,1.5492,33.994,0.69939,27.892,0.12583,0.13079,0.26431,92.405,8.505,10.05,300.5
4,348,346.87,560.93,204.18,10914,28012,3908.8,22.448,10.587,24.757,4.2079,2.7714,4.6937,1.6094,47.819,0.58183,34.245,1.2424,1.335,1.4656,72.561,8.505,10.05,300.5
4,348,232.42,382.06,167.59,7146,19065,3559.4,30.406,24.444,38.899,5.049,4.3303,5.6494,1.6335,43.043,0.70378,38.425,1.0224,1.0899,1.0548,35.751,8.505,10.05,300.5
4,348,336.35,536.14,198.86,15725,37294,4378.2,15.694,9.7817,26.027,3.5394,2.6331,4.7839,1.5823,52.341,0.57315,40.163,1.4053,1.4197,1.4348,62.657,8.505,10.05,300.5
4,348,394.89,583.82,197.12,19764,46528,5931.5,18.081,9.1036,22.559,3.7073,2.525,4.4781,1.4767,58.347,0.49301,42.809,1.6162,1.6967,1.4169,58.499,8.505,10.05,300.5
4,348,310,486,175.72,22832,51803,5065.5,11.219,6.8342,20.847,2.9276,2.1297,4.2997,1.5509,47.411,0.54347,34.318,1.5871,1.4953,1.5932,15.849,8.505,10.05,300.5
4,348,295.93,398.42,170.07,10576,14834,2621.5,25.219,19.545,30.308,4.5139,3.9379,5.1667,1.3232,42.424,0.55578,34,1.1555,0.90761,0.88923,51.856,8.505,10.05,300.5
4,348,326.01,447.71,177.15,10357,15750,2379.9,20.186,18.551,38.556,4.0437,3.7795,5.7684,1.3513,46.293,0.5309,28.134,1.0886,1.0714,1.0002,51.801,8.505,10.05,300.5
4,348,355.85,446.7,160.62,12987,15411,2040.5,22.198,21.109,42.616,4.1894,4.0518,6.1763,1.2318,54.367,0.43759,32.895,1.0974,1.2923,1.1181,54.108,8.505,10.05,300.5
4,756,329.46,522.62,186.15,14233,34339,3866.2,17.25,9.3527,23.526,3.6693,2.5537,4.56,1.5767,45.756,0.55287,32.309,1.2195,1.3943,1.6994,54.569,8.505,10.05,300.5
4,756,260.49,422.29,158.62,7307.2,17343,2148.7,27.252,18.298,35.32,4.7394,3.7816,5.6111,1.6097,40.232,0.59439,28.952,0.66279,1.0603,1.3205,29.882,8.505,10.05,300.5
4,756,323.12,513.01,182.65,12094,29082,3146,21.282,13.237,33.208,4.1299,3.1503,5.3981,1.5803,41.535,0.55375,27.476,1.0819,1.1508,1.6636,49.828,8.505,10.05,300.5
4,756,338.11,529.28,190.67,13223,32714,3896.6,16.044,8.7065,23.648,3.5824,2.5168,4.6163,1.5567,46.318,0.55179,32.954,1.1025,1.449,1.1806,34.648,8.505,10.05,300.5
4,756,303.93,484.58,178.4,13733,33319,3771.1,16.435,9.1148,24.185,3.5933,2.5529,4.6371,1.5836,44.186,0.57184,32.348,1.1573,1.3635,1.3657,30.184,8.505,10.05,300.5
4,756,301.57,477.72,176.63,18021,42025,4195.8,12.623,7.7179,22.345,3.1532,2.3247,4.48,1.571,43.623,0.56179,33.444,1.3647,1.35,1.3035,21.899,8.505,10.05,300.5
4,756,332.35,462.06,191.73,17187,23971,3788.8,27.57,19.475,31.409,4.6804,3.8762,5.2324,1.3565,57.818,0.55137,43.012,1.5135,1.0914,1.1413,46.15,8.505,10.05,300.5
4,756,359.01,487,191.05,10568,15434,2397.7,22.49,19.357,40.529,4.2375,3.8316,5.9172,1.3408,45.855,0.52117,32.432,1.1924,1.1531,1.1326,53.793,8.505,10.05,300.5
4,1392,226.8,382.06,157.98,5180.6,12991,1798.8,23.455,20.026,36.925,4.5372,3.9716,5.7651,1.6713,39.231,0.67451,28.511,0.95303,0.96077,0.70234,39.912,8.505,10.05,300.5
4,1392,311.35,498.08,185.63,12606,29643,3379.1,17.912,11.789,30.054,3.7891,2.9227,5.1406,1.5838,47.036,0.57879,33.541,1.2463,1.3651,1.4714,44.045,8.505,10.05,300.5
4,1392,226.89,375.08,151.19,4416,11082,1624.3,25.32,22.355,40.567,4.7382,4.2126,6.0435,1.6364,37.985,0.6497,26.065,0.91456,0.9157,0.5882,43.386,8.505,10.05,300.5
4,1392,277.58,443.53,167.53,15005,34924,3481.5,17.93,15.489,33.401,3.8432,3.3666,5.4393,1.5793,39.831,0.57647,29.07,1.5658,1.2755,0.94068,38.644,8.505,10.05,300.5
4,1392,233.68,381.81,153.62,5866.7,14971,2037.4,25.77,25.95,46.903,4.7459,4.4641,6.4773,1.6221,34.794,0.64254,23.55,0.62915,0.93362,1.1191,65.505,8.505,10.05,300.5
4,1392,221.64,361.3,146.34,3610.3,8947.4,1255.8,29.381,26.67,46.395,5.0934,4.596,6.4761,1.6177,33.608,0.64858,22.523,0.62931,0.85605,0.59004,74.609,8.505,10.05,300.5
4,1392,176.72,277.18,124.27,2744.6,5062.1,793.13,41.474,36.463,68.947,5.9099,5.4901,7.8285,1.5412,29.677,0.68101,23.753,0.11427,0.234,0.32435,91.336,8.505,10.05,300.5
5,1164,284.27,471.08,189.12,8881.7,24228,3510.3,26.247,18.908,37.607,4.6681,3.8301,5.7156,1.6509,42.573,0.6536,31.37,1.013,1.112,1.572,37.933,2.95,2.85,105
5,1164,289.14,465.14,181.03,9569.1,22715,2800.1,22.299,16.448,35.575,4.2621,3.5403,5.6053,1.5978,40.197,0.61141,30.076,1.0409,1.0569,1.5056,32.551,2.95,2.85,105
5,1164,245.21,411.12,173.19,5291.8,13948,2261.5,28.385,21.255,42.344,4.9119,4.112,6.0344,1.6662,40.647,0.69166,32.719,1.0089,1.0301,1.0488,38.099,2.95,2.85,105
5,1164,419.28,659.38,233.52,13012,33290,4290.1,17.765,8.3842,25.533,3.7635,2.4873,4.7677,1.5726,49.991,0.55374,33.487,1.3984,1.2513,1.4297,91.762,2.95,2.85,105
5,1164,364.99,582.99,215.68,11100,29762,4193.5,26.157,12.265,27.863,4.5404,2.9713,4.9852,1.5961,45.491,0.58933,31.404,0.99914,1.1913,1.6234,56.217,2.95,2.85,105
5,1164,423.41,663.7,233.48,12770,32852,4180.6,18.665,8.7259,26.604,3.855,2.537,4.8648,1.567,47.409,0.54865,30.83,1.419,1.1645,1.3376,93.808,2.95,2.85,105
5,1164,342.58,477.62,192.62,10748,18952,3388.2,28.208,22.398,47.776,4.7387,4.1784,6.3928,1.3835,44.804,0.55572,30.787,1.4953,1.0981,1.1376,51.606,2.95,2.85,105
5,1164,330.25,456.04,182.28,9509.3,16611,2674.6,30.161,24.814,54.469,4.8869,4.4238,6.8006,1.372,42.779,0.54425,28.439,1.0346,1.1259,1.3863,54.858,2.95,2.85,105
5,1164,334.84,457.28,182.01,8449.1,13427,1961.1,31.028,24.933,51.98,4.9965,4.4361,6.6759,1.3536,41.954,0.53286,27.248,1.1003,1.1442,1.2446,58.571,2.95,2.85,105
5,372,354.31,561.56,199.72,11918,30999,3900.1,22.583,11.028,25.646,4.2411,2.8368,4.7844,1.581,50.577,0.55709,35.67,1.2793,1.2081,1.6262,73.445,2.95,2.85,105
5,372,367.67,590.9,214.91,10259,25386,3331,22.134,11.884,31,4.2121,2.9476,5.2458,1.6019,47.142,0.57964,29.548,0.95476,1.4147,1.4987,87.56,2.95,2.85,105
5,372,378.1,601.95,211.97,11724,29828,3765.2,19.221,9.3848,26.234,3.9044,2.5991,4.8223,1.5853,49.72,0.55364,32.6,1.1575,1.4949,1.5482,92.083,2.95,2.85,105
5,372,360.9,558.85,193.5,15436,36068,3941.5,15.024,7.9585,24.871,3.4199,2.3694,4.6858,1.5401,47.459,0.52513,34.572,1.1275,1.5644,1.2188,43.321,2.95,2.85,105
5,372,339.03,513.53,176.08,20513,42091,3788.8,13.98,7.5679,25.472,3.2439,2.3012,4.729,1.4969,49.455,0.49703,36.901,1.057,1.5915,1.0353,28.025,2.95,2.85,105
5,372,333.79,523.37,185.5,16900,37246,3698.4,15.49,9.3501,29.312,3.4407,2.5318,5.0322,1.552,51.281,0.53433,37.924,1.0421,1.5353,1.2793,30.827,2.95,2.85,105
5,372,467.37,592.11,227.68,23986,32331,4965,11.568,9.4407,24.94,2.9746,2.6049,4.6633,1.253,52.569,0.47953,32.014,1.3431,1.5784,1.3672,89.623,2.95,2.85,105
5,372,338.12,466.65,190.16,11765,18407,2972.6,16.711,13.162,26.307,3.6885,3.2017,4.8887,1.3598,51.607,0.55023,31.65,0.8023,1.0623,1.1213,46.543,2.95,2.85,105
5,372,346.35,464.71,183.53,11388,16452,2519.2,18.41,16.219,33.254,3.8316,3.5143,5.4018,1.3243,49.401,0.52002,29.867,0.73676,1.156,1.1146,50.497,2.95,2.85,105
5,1440,272.37,436.16,167.49,11808,27608,3190.9,18.941,15.971,34.142,3.9795,3.4796,5.5284,1.5838,41.554,0.59413,30.368,1.0129,1.1085,1.5107,26.564,2.95,2.85,105
5,1440,212.72,354.66,148.66,4755.1,12792,2264.5,23.544,22.803,44.431,4.5561,4.221,6.2721,1.6547,36.398,0.68686,28.282,0.77533,0.84507,0.72421,44.172,2.95,2.85,105
5,1440,254.02,426.36,171.49,5930.5,15689,2297.1,23.448,18.15,41.208,4.475,3.7652,5.9838,1.6691,43.637,0.6602,32.695,1.082,1.0969,0.87013,33.813,2.95,2.85,105
5,1440,309.86,495.41,188.18,11029,26929,3291.2,25.246,18.24,42.226,4.5032,3.7052,6.0383,1.5882,45.183,0.59217,31.708,1.561,1.3241,1.0928,42.637,2.95,2.85,105
5,1440,223.41,366.98,150.97,7295.8,17802,2198.2,23.034,19.489,42.634,4.3651,3.8459,6.0466,1.6227,36.241,0.65432,25.789,0.63137,1.0838,1.3263,59.702,2.95,2.85,105
5,1440,331.85,523.6,195.96,13422,33830,4436.5,19.023,11.736,31.6,3.8937,2.9342,5.2656,1.5747,47.451,0.58195,34.986,1.4007,1.2077,1.6058,37.997,2.95,2.85,105
5,1440,268.13,392.46,165.69,6571,10623,1729.6,36.038,34.41,58.664,5.5652,5.3096,7.2313,1.44,41.013,0.60075,28.549,1.2545,0.46736,0.68986,67.697,2.95,2.85,105
5,1440,289.89,412.68,172.96,7649.7,12942,2217.4,28.301,23.697,48.597,4.8261,4.3845,6.5022,1.4082,40.134,0.58612,27.157,1.2033,0.88917,0.6858,59.22,2.95,2.85,105
5,1440,235.03,343.42,145.29,4792.9,7464.5,1216.4,29.659,36.629,52.999,5.1259,5.3834,6.9543,1.4368,37.114,0.59916,25.672,0.43342,0.61324,0.75379,74.309,2.95,2.85,105
5,780,201.84,342.85,144.8,3629.2,9751.4,1728.2,28.436,26.811,45.558,4.9978,4.5991,6.3847,1.687,36.866,0.70275,27.993,0.38658,0.87837,0.57,51.186,2.95,2.85,105
5,780,310.88,512,196.29,10070,27653,3886.7,24.391,14.297,29.788,4.3763,3.1766,5.0669,1.6416,42.477,0.62513,27.718,1.2057,1.3112,1.535,49.923,2.95,2.85,105
5,780,278.49,447.68,172.78,8088.3,19383,2581.9,26.83,17.12,32.872,4.5788,3.5552,5.3646,1.5947,39.489,0.60716,28.883,0.99862,1.1354,1.3518,28.617,2.95,2.85,105
5,780,372.89,588.24,212.36,16777,40667,4688.6,15.998,7.6571,22.686,3.4967,2.33,4.4597,1.5768,52.317,0.56126,37.785,1.2593,1.5541,1.4807,57.948,2.95,2.85,105
5,780,238.37,377,146.22,8091,18655,2025.4,19.878,16.838,36.945,4.068,3.5536,5.7538,1.5683,38.243,0.58947,29.027,1.0883,0.99923,0.85426,57.448,2.95,2.85,105
5,780,297.5,472.07,177.14,8292.3,21101,2722.9,24.835,16.899,36.922,4.4976,3.578,5.6865,1.5796,43.404,0.58495,30.912,1.3098,1.1804,1.0296,47.141,2.95,2.85,105
5,780,410.75,549.05,218.06,15163,22723,3899.3,15,11.738,27.099,3.4293,2.9547,4.9025,1.3227,53.631,0.52204,35.704,1.2015,1.3272,1.1887,63.982,2.95,2.85,105
5,780,277.15,399.82,167.73,6696.5,11291,1936.4,26.764,24.373,44.034,4.7257,4.4404,6.2393,1.4247,40.429,0.59438,28.121,1.1233,0.7355,0.93117,61.169,2.95,2.85,105
5,780,302.03,427.53,175.76,11413,19205,3001,19.148,23.313,39.448,4.016,4.2251,5.8993,1.3957,47.12,0.56424,33.161,1.3386,0.90903,0.85164,47.544,2.95,2.85,105
6,2544,214.61,376.41,181.3,5137.3,14836,4332.3,28,27.803,48.475,4.9322,4.6501,6.5275,1.7366,52.321,0.82358,52.026,1.017,0.79198,0.72089,47.023,11.4,4.04,176
6,2544,204.37,352.22,164.3,3034.1,6648.7,1120.1,35.593,36.083,61.022,5.6122,5.403,7.3894,1.6893,42.708,0.7704,37.394,0.58398,0.5907,0.4512,56.738,11.4,4.04,176
6,2544,227.31,401.72,187.87,3744,10288,2159,28.314,23.358,41.138,5.0378,4.3725,6.0455,1.7479,40.563,0.80574,36.296,1.045,0.71877,0.92637,48.869,11.4,4.04,176
6,2544,182.15,323.17,159.57,3064.6,9208.3,2490.1,43.522,37.735,64.128,6.1417,5.5553,7.5634,1.7613,35.67,0.85981,32.895,0.89401,0.38288,0.0081045,85.48,11.4,4.04,176
6,2544,224.12,396.28,195.23,2435.2,7572,2826.4,35.543,27.26,36.164,5.6424,4.736,5.5944,1.7605,42.408,0.86206,42.809,0.6874,0.85677,0.95348,71.126,11.4,4.04,176
6,2544,323.56,525.71,209.64,7748.3,18291,2659.7,25.106,13.907,32.229,4.5147,3.2544,5.4025,1.6145,46.522,0.63597,37.12,1.1089,1.1985,1.0727,52.131,11.4,4.04,176
6,2544,161.13,271.47,137.12,1440.3,3961.4,1280.9,52.33,42.975,71.963,6.8798,6.1042,8.0422,1.6693,34.901,0.8373,27.122,0.32155,0.057979,0.010308,96.864,11.4,4.04,176
6,2544,200.15,316,153.56,2850.6,5140.1,1181.4,36.862,39.006,56.299,5.6918,5.6694,7.1433,1.554,37.531,0.74646,29.156,0.68745,0.16803,0.0025254,82.364,11.4,4.04,176
6,2544,206.4,326.2,156.9,4701,7886.8,1482.3,27.363,30.301,49.126,4.8775,4.94,6.6769,1.5391,41.165,0.72622,32.463,0.49797,0.54031,0.64007,74.692,11.4,4.04,176
6,1320,185.4,323.57,149.83,1884.8,4996.7,1029.7,43.226,35.975,50.427,6.1527,5.4206,6.795,1.7317,31.549,0.79573,25.037,0.28489,0.2887,0.38608,63.119,11.4,4.04,176
6,1320,201.62,353.59,163.01,3703.9,11055,2361,33.73,29.825,43.494,5.4047,4.8528,6.2304,1.741,37.415,0.79423,30.327,0.30102,0.53067,0.99954,50.215,11.4,4.04,176
6,1320,206.01,362.09,166.24,4739.3,14368,2901.5,27.482,21.719,32.915,4.8604,4.0939,5.3823,1.7483,38.512,0.79236,30.678,0.54237,0.92705,0.96325,43.994,11.4,4.04,176
6,1320,193.12,330.23,149.36,3358.3,8296.4,1154.5,40.004,36.939,53.885,5.8859,5.3947,6.9884,1.6905,36.206,0.74625,30.08,0.76307,0.54324,0.26101,82.938,11.4,4.04,176
6,1320,223.2,381.28,167.62,3737.3,10324,1526.3,39.878,40.44,60.649,5.9196,5.6294,7.2481,1.7009,35.421,0.73442,27.323,0.97609,0.93282,0.097851,73.801,11.4,4.04,176
6,1320,236.33,386.56,156.51,4311.8,10007,1248.2,30.614,27.151,59.435,5.1581,4.6905,7.2147,1.6204,36.994,0.64562,28.112,0.91911,0.8664,0.81113,70.033,11.4,4.04,176
6,1320,161.17,262.78,129.64,1240.4,2876.2,707.36,55.145,44.07,68.514,7.0002,6.1524,7.8621,1.6135,29.706,0.78994,22.694,0.08195,0.034576,0.051138,99.357,11.4,4.04,176
6,1320,165.77,262.24,125.2,1736.5,3509.6,717.63,48.211,42.295,82.884,6.5541,6.0535,8.5996,1.5658,34.856,0.73707,25.21,0.19062,0.17176,0.062177,98.76,11.4,4.04,176
6,1320,171.87,271.73,130.35,1326.2,2613.9,606.64,53.77,47.554,79.23,6.8749,6.4148,8.4874,1.5659,30.791,0.74484,22.625,0.11444,0.045533,0.028554,97.872,11.4,4.04,176
6,696,251.52,425.51,171.32,4573.1,13688,2491.4,29.232,18.787,34.197,4.9686,3.8469,5.4993,1.6858,44.334,0.67274,34.004,1.0171,1.0515,0.88075,36.987,11.4,4.04,176
6,696,248.55,422.26,169.76,5463.1,14780,2216.7,24.872,17.519,38.379,4.6041,3.7189,5.798,1.688,38.886,0.67202,29.424,1.065,1.0197,1.0613,34.681,11.4,4.04,176
6,696,218.8,375.73,158.58,2799,8905,1757.8,32.338,28.951,48.408,5.3831,4.8353,6.581,1.7161,36.788,0.71727,27.531,0.71639,0.7986,0.68425,49.281,11.4,4.04,176
6,696,286.75,467.99,180.67,7461.2,18467,2313.6,25.514,16.614,42.382,4.5362,3.5428,6.0254,1.6226,43.633,0.61781,29.595,1.253,1.2028,1.0678,50.172,11.4,4.04,176
6,696,277.83,456.86,182.6,7106.3,16768,2232.1,27.458,22.978,49.548,4.8424,4.251,6.5015,1.6269,45.127,0.63969,34.36,1.3085,1.1758,0.84329,55.319,11.4,4.04,176
6,696,216.41,359.87,152.67,3925.9,9830.5,1367.5,33.232,31.498,53.903,5.4027,5.0039,6.9104,1.651,36.117,0.6882,27.608,0.95163,0.80175,0.44108,74.062,11.4,4.04,176
6,696,208,308.2,137.16,4188.8,6550.3,1022.8,27.986,34.803,55.672,4.9577,5.3013,7.1191,1.4557,38.046,0.63455,29.277,0.4571,0.31055,0.4525,80.116,11.4,4.04,176
6,696,245.54,352.97,147.91,7467.2,13048,1812.9,23.865,30.77,49.961,4.5492,4.9132,6.7539,1.4186,40.636,0.57998,31.505,0.36292,0.44481,1.1594,65.15,11.4,4.04,176
6,696,217.75,310.74,135.93,4768.6,6837,1087,28.987,36.934,55.524,5.021,5.4446,7.0883,1.3978,40.161,0.6,30.679,0.2703,0.44619,0.61499,78.634,11.4,4.04,176
6,1152,216.62,382.68,168.76,4188.1,14004,2344.9,28.055,24.984,43.991,4.9659,4.4212,6.2259,1.7601,44.141,0.764,33.882,0.63406,1.021,0.92731,43.497,11.4,4.04,176
6,1152,200.36,347.61,156.6,1884.5,5104.5,1056.3,42.774,38.501,57.286,6.1877,5.5944,7.1987,1.7205,32.666,0.76778,25.872,0.49454,0.40391,0.48374,59.874,11.4,4.04,176
6,1152,204.35,359.08,164.61,2741.8,8649.6,1723.5,38.984,33.666,53.313,5.8739,5.2104,6.8673,1.7479,37.895,0.79107,28.874,0.31345,0.44585,0.92778,54.094,11.4,4.04,176
6,1152,205.85,346.06,155.26,4009.2,9803.8,1585.2,31.3,32.783,51.938,5.2393,5.093,6.7866,1.6589,38.153,0.72858,31.044,0.84723,0.80222,0.43659,75.743,11.4,4.04,176
6,1152,301.16,488.25,184.12,11639,25966,2728.6,20.429,13.941,36.5,4.0349,3.1728,5.5809,1.601,52.431,0.58662,36.648,1.2005,1.3782,1.2778,39.958,11.4,4.04,176
6,1152,276.48,448.99,175.85,6992.3,16904,2178.9,25.249,19.387,47.045,4.5744,3.8701,6.3476,1.6136,43.086,0.61822,35.739,1.1671,1.1858,1.0572,53.562,11.4,4.04,176
6,1152,205.95,314.65,144.8,3418.9,5650.8,1046.5,32.634,39.239,58.838,5.3813,5.6633,7.3462,1.5006,37.807,0.67842,29.437,0.33834,0.19624,0.50666,81.64,11.4,4.04,176
6,1152,175.08,278.97,133.41,1946.6,3967.9,837.55,40.294,37.197,67.616,5.9712,5.631,7.8106,1.5741,34.496,0.74459,26.423,0.20715,0.18664,0.051945,92.791,11.4,4.04,176
6,1152,174.64,282.36,138.93,1627.7,3788.4,1055.4,51.309,42.467,54.829,6.6775,5.9481,7.0785,1.6067,34.738,0.78626,27.862,0.19305,0.1564,0.047566,91.979,11.4,4.04,176
6,336,257.12,441.7,173.63,7127,21403,3386.5,25.916,17.217,29.382,4.5934,3.5662,5.0364,1.7101,44.647,0.66548,33.109,1.3408,1.1632,1.1641,29.192,11.4,4.04,176
6,336,237.54,406.52,162.41,3336.7,9633.6,1664.4,37.007,24.763,42.793,5.6251,4.4633,6.1184,1.7066,37.746,0.67709,27.519,1.0236,0.85308,1.0015,43.762,11.4,4.04,176
6,336,252.04,432.57,173.17,6547.4,18972,2783.9,24.89,15.212,28.898,4.528,3.4119,5.0854,1.7112,40.897,0.67501,29.232,1.2289,1.0751,0.97697,30.726,11.4,4.04,176
6,336,350.39,560.66,203.03,11725,25441,2952.4,22.092,11.596,30.048,4.1887,2.9093,5.183,1.5813,54.786,0.56402,38.692,1.3737,1.4457,1.0827,46.922,11.4,4.04,176
6,336,328.16,513.09,184.85,20100,41731,3433.4,16.088,10.891,39.931,3.5165,2.7506,5.7733,1.5416,46.643,0.53268,39.347,1.3519,1.4512,1.3633,32.013,11.4,4.04,176
6,336,283.54,467.06,178.33,7385.8,18903,2272.5,31.172,20.738,47.384,4.9931,3.9523,6.3381,1.6327,44.249,0.61055,31.536,1.3593,1.1924,1.0127,52.145,11.4,4.04,176
6,336,282.96,406.79,163.76,8962.3,16643,2559.3,20.27,16.254,33.514,4.0514,3.5665,5.4547,1.4227,41.344,0.56588,29.959,0.84237,0.95321,1.1889,51.053,11.4,4.04,176
6,336,318.43,445.66,182.54,11283,18168,3036.2,18.267,15.061,26.158,3.8239,3.3618,4.8501,1.3734,56.997,0.55724,35.915,1.0886,1.1168,0.95449,46.419,11.4,4.04,176
6,336,354.84,488.14,207.94,19030,25893,4095.2,14.059,12.226,24.86,3.315,3.0013,4.6982,1.3455,55.225,0.5639,37.914,1.0653,1.2609,1.2479,36.708,11.4,4.04,176
6,1392,217.64,379.67,164.02,3901.2,11697,1851.1,25.206,20.863,45.333,4.739,4.104,6.314,1.735,38.849,0.73524,29.894,0.68675,0.9371,0.88829,43.731,11.4,4.04,176
6,1392,206.23,351.46,152.64,5184.4,11961,1374.5,37.462,32.795,50.457,5.6634,5.0964,6.7742,1.6757,38.311,0.70204,33.617,1.0151,0.46236,0.46002,50.989,11.4,4.04,176
6,1392,212.23,361.61,152.67,3932.1,10379,1490,25.548,23.014,44.094,4.758,4.298,6.2642,1.6905,33.312,0.70024,25.164,0.91959,0.76275,0.65948,46.613,11.4,4.04,176
6,1392,253.28,426.73,185.47,6773.6,18023,3777.7,23.582,18.71,38.917,4.4801,3.8359,5.8549,1.6736,43.224,0.71544,45.098,0.9848,1.1683,1.0882,54.658,11.4,4.04,176
6,1392,238.85,393.61,164.25,6326.6,13702,1530.8,27.157,27.929,48.561,4.8669,4.6975,6.5732,1.6163,48.211,0.65266,38.461,1.0485,1.0324,0.50159,65.603,11.4,4.04,176
6,1392,220.2,367.05,157.12,3338,8192,1314,29.868,28.036,53.403,5.1679,4.7786,6.8569,1.6541,36.86,0.69598,29.806,0.68025,0.74688,0.69994,74.892,11.4,4.04,176
6,1392,171.93,271.5,130.78,1903.7,3585.9,698.38,48.047,43.752,86.613,6.5248,6.1493,8.8132,1.5559,31.663,0.73884,24.378,0.23739,0.12877,0.019352,96.503,11.4,4.04,176
6,1392,159.05,260.78,131.21,1659.8,3118.3,692.97,51.114,43.625,82.606,6.8134,6.1944,8.6302,1.6094,33.923,0.79817,27.283,0.23136,0.034754,0.010128,100.44,11.4,4.04,176
6,1392,230.79,350.02,163.63,9248.8,12857,2036.8,24.773,24.876,41.174,4.5965,4.4452,6.0784,1.4551,51.946,0.65995,39.063,0.1552,0.64434,1.1225,62.615,11.4,4.04,176
6,1836,233.25,404.95,181.54,6957,20121,4115.6,23.347,20.197,35.22,4.4928,3.9171,5.5702,1.723,49.587,0.76021,41.304,1.2475,0.98366,0.80367,37.344,11.4,4.04,176
6,1836,179.81,316.93,145.99,4179.1,11927,1844.2,30.959,23.167,42.875,5.1832,4.3189,6.189,1.7442,35.496,0.78187,29.771,0.43965,0.49342,0.88452,55.205,11.4,4.04,176
6,1836,196.27,349.75,161.69,5413.9,16398,2909.3,29.624,23.736,36.153,5.0507,4.2941,5.6511,1.7678,40.76,0.79965,35.478,0.42818,0.77469,1.0653,45.454,11.4,4.04,176
6,1836,217.57,367.85,162.03,4230.9,10692,1602.2,30.432,31.082,54.5,5.1807,4.9716,6.9594,1.6779,38.537,0.72356,30.841,0.75708,0.98367,0.35685,73.3,11.4,4.04,176
6,1836,223.95,366.56,148.06,8622.8,18356,1706.9,23.393,24.087,42.8,4.3761,4.2013,6.2035,1.6062,36.73,0.61464,36.736,0.74822,0.1526,0.84953,63.283,11.4,4.04,176
6,1836,251.42,419.03,177.04,6596.9,17376,2859.8,24.491,21.837,51.279,4.5868,4.1406,6.6292,1.6608,42.425,0.69186,34.21,1.1572,1.1759,0.75242,57.057,11.4,4.04,176
6,1836,163.68,264.26,127.61,2405.6,4691.3,936.37,39.718,30.796,71.69,5.9539,5.1866,7.9898,1.5812,35.906,0.75038,27.237,0.20724,0.17271,0.18382,96.181,11.4,4.04,176
6,1836,178.13,273.73,131.15,3404.2,4816.8,811.33,34.381,31.564,68.296,5.509,5.2162,7.7988,1.4953,37.048,0.70201,28.302,0.097698,0.17896,0.35647,91.302,11.4,4.04,176
6,1836,170.1,271.52,129.2,1325.8,2534.3,515.93,53.277,49.49,85.808,6.8667,6.5465,8.8176,1.5767,30.16,0.74128,21.414,0.11656,0.061598,0.01377,98.641,11.4,4.04,176
6,192,292.58,478.98,183.37,11749,29724,3805.8,42.362,22.872,31.95,5.6921,4.0475,5.2266,1.6195,54.585,0.60317,41.615,1.5892,1.1421,1.1558,37.764,11.4,4.04,176
6,192,333.01,550.79,208.85,20032,55141,7687.6,14.201,9.2043,20.301,3.3567,2.4719,4.169,1.6467,52.864,0.61592,40.823,1.9013,1.4803,1.4546,67.843,11.4,4.04,176
6,192,295.93,498.67,192.02,10728,29051,4152.3,20.826,10.702,23.192,4.0798,2.824,4.5556,1.6742,49.294,0.63459,37.904,1.4108,1.1848,1.0508,42.214,11.4,4.04,176
6,192,405.33,620.82,206.45,22694,44619,3371.9,12.629,7.2317,28.475,3.0749,2.2291,5.0136,1.511,54.894,0.48748,41.167,1.4875,1.5854,1.4409,72.346,11.4,4.04,176
6,192,375.77,592.22,211.2,17442,40802,4591.3,18.153,10.181,28.01,3.7093,2.6349,4.9304,1.5646,51.673,0.5496,37.46,1.6278,1.7297,0.95935,59.313,11.4,4.04,176
6,192,358.17,575.42,212.36,12719,29149,3569.9,26.112,14.61,36.196,4.5667,3.2895,5.6353,1.5933,52.329,0.57878,37.607,1.5272,1.3352,0.99564,54.616,11.4,4.04,176
6,192,375.28,501.47,208.62,20584,25856,3532.9,12.595,11.257,25.631,3.0937,2.847,4.7911,1.3025,57.864,0.53189,39.422,1.1051,1.2196,1.0996,43.364,11.4,4.04,176
6,192,426.91,554.01,222.91,23813,32168,4634.1,10.578,8.3934,24.163,2.8369,2.4685,4.5841,1.2768,54.186,0.50769,34.225,1.145,1.3823,1.1578,69.622,11.4,4.04,176
6,192,384.35,512.28,214.01,22617,31178,4475.9,10.174,8.3924,21.578,2.7898,2.4574,4.3762,1.3071,48.494,0.53641,32.481,1.1605,1.2922,1.1039,47.57,11.4,4.04,176
6,120,395.11,619.64,216.99,17401,37523,4321.3,21.428,11.933,28.857,4.0302,2.8718,5.0311,1.5479,64.517,0.52894,49.41,1.7456,1.2818,1.2623,101.77,11.4,4.04,176
6,120,278.9,452.8,171.71,11357,25655,2880.4,25.882,20.308,43.324,4.5585,3.9137,6.0734,1.5985,49.793,0.5867,38.985,1.4924,1.0903,0.75786,31.475,11.4,4.04,176
6,120,317.54,529.64,202.42,12494,30506,4055.2,27.396,13.805,28.649,4.5547,3.1275,5.003,1.6458,58.073,0.61371,46.382,1.4776,1.1332,1.1634,57.347,11.4,4.04,176
6,120,418.44,645.02,228.36,37403,80133,7012.9,8.314,4.9667,20.889,2.411,1.7412,4.2184,1.5209,60.26,0.51189,56.501,1.683,1.7728,1.525,86.795,11.4,4.04,176
6,120,388.81,593.62,207.87,23723,46285,3842.7,13.95,7.457,27.795,3.1729,2.286,4.9377,1.5056,55.077,0.507,46.678,1.5745,1.6242,1.1403,62.027,11.4,4.04,176
6,120,316.25,516.16,194.08,11303,26365,3228.8,19.913,12.427,37.613,3.9968,3.0232,5.6606,1.6104,57.584,0.59247,42.14,1.3534,1.3677,1.2104,40.934,11.4,4.04,176
6,120,327.24,445.73,188.34,12585,15004,2103.4,20.773,18.945,38.938,4.031,3.8145,5.8151,1.3251,52.583,0.54922,35.964,0.96271,1.0571,0.9416,50.21,11.4,4.04,176
6,120,310.56,445.04,189.52,9606.4,14446,2272.5,27.165,21.51,40.047,4.6395,4.0785,5.894,1.4044,53.795,0.58981,35.019,1.228,1.1014,0.98942,54.265,11.4,4.04,176
6,120,406.92,531.35,216.26,21185,27151,3939.7,13.46,11.064,26.448,3.1906,2.8452,4.847,1.2817,58.545,0.51541,36.442,1.2208,1.5055,1.0017,58.541,11.4,4.04,176
7,2808,299.55,477.51,189.74,6878.2,13915,1708.1,28.613,19.49,46.078,4.8171,3.865,6.4172,1.578,42.606,0.61629,30.931,1.0671,0.85807,1.1254,40.754,6,4.2,47.1
7,2808,291.66,475.08,188.89,10109,22390,2273.8,24.449,19.236,43.968,4.4312,3.7958,6.1501,1.6097,39.888,0.62565,29.6,1.3463,1.3195,1.1944,36.238,6,4.2,47.1
7,2808,288.66,463.17,179.41,12268,25537,2379.6,17.855,12.992,33.747,3.7753,3.0755,5.4269,1.5756,41.553,0.59048,31.622,1.1557,1.3918,0.67044,29.167,6,4.2,47.1
7,2808,223.69,360.28,149.29,10640,23689,2528.2,23.722,19.028,52.182,4.4433,3.9001,6.6683,1.5789,37.873,0.62335,31.13,0.32246,0.87476,1.279,61.788,6,4.2,47.1
7,2808,269.09,432.6,172.72,9642.8,22592,2684.9,18.407,14.983,31.789,3.9339,3.3504,5.3113,1.5923,36.895,0.62203,26.051,1.107,1.1372,1.224,45.169,6,4.2,47.1
7,2808,322.97,504.48,194.8,15592,36019,3823.9,20.934,14.062,29.5,4.0252,3.1659,5.0638,1.5527,39.11,0.58526,29.316,1.6395,1.3773,1.2706,33.841,6,4.2,47.1
7,2808,322.97,443,181.1,9792.6,14407,2054.2,28.727,24.571,49.605,4.7335,4.359,6.5131,1.3531,39.951,0.54728,27.388,1.1328,1.1317,1.1347,55.279,6,4.2,47.1
7,2808,204.55,295.07,131.79,5040,7014.4,1062.8,33.885,39.263,61.676,5.4038,5.6632,7.45,1.408,33.928,0.6176,25.224,0.4727,0.51367,0.32386,82.614,6,4.2,47.1
7,2808,312.52,422.98,175.44,8425.2,12357,1824.5,28.243,23.802,46.509,4.7714,4.3586,6.3732,1.3381,36.74,0.54935,23.082,1.1229,1.0269,1.0049,57.702,6,4.2,47.1
7,1416,378.79,513.11,203.1,19632,31050,4390.7,15.881,14.119,31.879,3.4927,3.1833,5.2235,1.3404,42.122,0.52437,27.998,1.5559,1.4001,1.1528,68.428,6,4.2,47.1
7,1416,421.35,584.26,244.4,14380,28591,5964.9,15.993,10.242,21.926,3.5366,2.7213,4.3726,1.3851,47.383,0.58171,33.483,1.1101,1.3216,1.2597,106.24,6,4.2,47.1
7,1416,434.54,604.57,258.21,23587,50804,11507,10.828,8.2846,17.974,2.8635,2.3442,3.8417,1.3966,51.312,0.60302,37.321,1.2117,1.4697,1.1241,117.77,6,4.2,47.1
7,1416,413.96,667.68,245.56,16904,48664,7284.2,15.849,6.7001,18.762,3.4848,2.158,4.0226,1.6158,50.174,0.59345,34.25,1.3118,1.4457,1.668,95.423,6,4.2,47.1
7,1416,355.63,573.01,216.14,16584,43982,5463.8,15.809,6.6285,20.347,3.4507,2.1545,4.2541,1.6083,42.968,0.59859,29.73,1.2174,1.5092,1.2342,50.969,6,4.2,47.1
7,1416,414.41,676.04,257.02,19609,53807,7143.8,17.309,8.1618,21.73,3.5015,2.3605,4.2064,1.6303,46.261,0.61405,32.69,1.1309,1.8129,1.4676,100.38,6,4.2,47.1
7,0,373.37,607.24,226.92,13501,35042,4712.1,31.862,14.237,30.942,4.8509,3.0679,5.1252,1.6214,44.431,0.60049,31.14,1.3738,1.3564,1.6409,95.873,6,4.2,47.1
7,0,389.82,628.28,229.17,13079,35108,4817.9,34.249,17.669,33.145,5.1721,3.4611,5.3519,1.6117,49.975,0.58422,35.056,1.1403,1.3142,1.6208,105.57,6,4.2,47.1
7,0,372.3,596.64,218.14,10241,26503,3703.8,23.781,12.358,30.091,4.3503,2.9829,5.1663,1.5999,47.546,0.5831,29.349,0.93803,1.274,1.6062,90.877,6,4.2,47.1
7,0,410.56,655.62,242.94,22466,58127,7903.1,15.62,8.6255,21.174,3.34,2.4268,4.1597,1.5971,51.808,0.58631,38.138,1.1197,1.7099,1.5445,91.016,6,4.2,47.1
7,0,423.96,670.26,241.54,16806,40180,5238.8,16.574,8.2163,26.981,3.5393,2.4363,4.8416,1.5726,54.314,0.56141,43.065,1.1772,1.6745,1.6585,97.52,6,4.2,47.1
7,0,398.03,631.7,233.05,19403,48340,5775.1,13.748,6.4179,20.907,3.2176,2.1377,4.2675,1.5815,48.069,0.57482,34.951,1.1477,1.6758,1.5649,79.732,6,4.2,47.1
7,0,480.88,616.55,243.07,27971,36771,5024.7,9.5685,7.4725,25.614,2.6592,2.3372,4.6487,1.2657,50.335,0.49338,31.873,1.0627,1.4515,1.3319,102.67,6,4.2,47.1
7,0,451.63,552.16,207.62,15747,19857,2903.3,14.728,11.508,27.608,3.373,2.9447,4.9804,1.2103,45.728,0.45361,27.163,1.0214,1.0609,1.0484,75.277,6,4.2,47.1
7,0,447.86,562.13,232.12,16507,22644,4400.4,14.839,12.576,27.172,3.3536,3.022,4.8806,1.2445,54.823,0.51285,35.775,1.1144,1.3562,1.4056,78.678,6,4.2,47.1
7,1272,396.73,639.36,236.05,13645,37057,5919.3,18.735,8.2195,21.978,3.8497,2.439,4.3514,1.6096,55.486,0.59485,35.68,1.4566,1.4415,1.6132,111.61,6,4.2,47.1
7,1272,385.23,626.27,228.81,15096,38836,4904.5,19.074,8.4966,26.834,3.8094,2.4302,4.8171,1.619,47.317,0.58604,32.247,1.4106,1.4236,1.7039,103.87,6,4.2,47.1
7,1272,380.54,616.4,227.36,10484,27742,3900.3,22.912,9.8764,26.223,4.2868,2.7119,4.8382,1.6149,44.615,0.59354,26.713,1.3393,1.3142,1.6006,99.945,6,4.2,47.1
7,1272,402,656.46,254.48,19701,52663,7618.9,15.119,7.6556,18.91,3.3031,2.3028,3.9588,1.6286,48.905,0.6244,36.208,0.90326,1.579,1.4798,92,6,4.2,47.1
7,1272,392.59,639.31,244.93,22614,62409,9092.5,12.304,5.2783,17.76,2.9874,1.8601,3.8373,1.63,48.893,0.6209,35.812,1.5715,1.6944,1.4979,83.158,6,4.2,47.1
7,1272,473.8,780.03,297.93,16049,45328,7531.4,17.964,10.633,26.284,3.639,2.7628,4.523,1.6469,46.444,0.63005,30.474,1.0915,1.5838,1.6805,150.2,6,4.2,47.1
7,1272,448.47,604.43,254.18,20038,35185,7124.9,11.03,7.439,21.765,2.9567,2.3532,4.1863,1.3403,48.432,0.56547,31.477,1.0072,1.5229,1.4266,94.484,6,4.2,47.1
7,1272,428.87,581.14,245,15150,26418,5270.5,13.306,8.8112,27.315,3.2561,2.6024,4.7249,1.3498,41.972,0.57005,25.533,1.1354,1.2677,1.1453,81.816,6,4.2,47.1
7,1272,402.86,547.58,235.28,22325,40659,8777.5,9.917,7.0813,15.721,2.7798,2.2268,3.6612,1.353,50.605,0.5834,34.712,1.2742,1.3812,1.2714,64.924,6,4.2,47.1
7,1200,375.69,613.48,229.66,11750,30556,4481.6,17.949,8.8399,24.233,3.7904,2.5504,4.6215,1.6286,44.997,0.60787,28.404,1.2727,1.489,1.5751,98.618,6,4.2,47.1
7,1200,390.8,639.51,239.28,11747,32467,5143.9,23.294,9.4762,25.2,4.2929,2.6549,4.6722,1.6315,46.988,0.60806,34.533,1.2301,1.523,1.5934,111,6,4.2,47.1
7,1200,411.26,663.08,245.29,13119,34158,4921.3,22.808,10.811,35.036,4.1909,2.8511,5.4,1.6104,47.14,0.59414,29.516,1.3997,1.4352,1.6966,123.21,6,4.2,47.1
7,1200,413.49,662.78,246.92,25182,62485,7780.8,11.75,6.2566,20.262,2.9145,2.0515,4.0796,1.5973,50.842,0.58604,38.589,1.313,1.8629,1.6452,94.449,6,4.2,47.1
7,1200,405.23,659.13,253.03,20813,57654,8372.9,11.825,5.7021,17.744,2.9935,1.965,3.8771,1.6257,50.254,0.62022,38.198,1.1161,1.6271,1.4714,93.043,6,4.2,47.1
7,1200,384.81,618.22,232.73,20916,51196,6072.7,12.581,6.672,22.082,3.0743,2.1428,4.327,1.5951,49.745,0.58897,38.565,1.2473,1.6342,1.5069,73.13,6,4.2,47.1
7,1200,369.15,490.05,193.73,14804,22033,3348.1,17.033,13.549,31.014,3.6144,3.1714,5.1856,1.3102,44.366,0.51423,28.349,1.3211,1.2138,1.0551,43.176,6,4.2,47.1
7,1200,454.38,597.78,244.71,16751,26980,4948,13.051,8.5718,22.928,3.1994,2.5432,4.4678,1.3045,48.045,0.53337,30.177,1.0482,1.3334,1.3511,92.077,6,4.2,47.1
7,1200,412.11,504.89,195.88,13494,17085,2771.8,16.521,13.338,27.2,3.5955,3.2104,4.967,1.2149,51.882,0.46887,31.541,0.8026,1.1657,1.1441,58.132,6,4.2,47.1
7,360,422.78,651.01,219.18,19925,47045,5167.7,12.837,6.8262,22.577,3.1429,2.2036,4.4283,1.5383,47.971,0.51333,32.239,1.6349,1.5498,1.7914,116.71,6,4.2,47.1
7,360,469.31,734.79,246.63,21516,52681,6239.8,17.501,7.7403,26.099,3.6007,2.3465,4.7507,1.5615,55.909,0.51998,40.736,1.4098,1.6912,1.9614,155.19,6,4.2,47.1
7,360,402.38,619.07,215.88,18720,43981,5412.6,18.031,9.5638,26.368,3.6859,2.5592,4.7529,1.532,54.653,0.52795,41.916,1.4065,1.439,1.8496,103.13,6,4.2,47.1
7,360,454.92,686.3,226.69,20707,39917,3710.2,14.114,8.4947,31.469,3.264,2.5155,5.2832,1.4935,57.63,0.48336,41.733,1.268,1.6127,1.5926,105.35,6,4.2,47.1
7,360,423.5,649.97,229.36,28878,60993,5282.3,11.212,6.6638,26.196,2.8439,2.0777,4.7837,1.5195,50.48,0.51823,44.222,1.6021,1.4393,1.2048,89.47,6,4.2,47.1
7,360,433.77,666.78,230.09,16878,35235,3824.3,18.527,9.6924,31.721,3.7128,2.6549,5.2922,1.5271,51.166,0.51855,40.618,1.083,1.5189,1.5476,96.281,6,4.2,47.1
7,360,470.69,596.24,237.16,29700,40810,5822.6,8.6483,6.8616,21.38,2.5233,2.2164,4.2553,1.2525,46.884,0.49404,30.533,1.1473,1.5187,1.5063,93.855,6,4.2,47.1
7,360,503.27,618.27,237.16,25891,32553,4354.3,10.218,8.551,29.074,2.7705,2.5205,4.9685,1.2174,51.196,0.46306,33.533,1.1213,1.4077,1.4911,107.24,6,4.2,47.1
7,360,462.51,587.47,232.82,26381,35333,4972,9.7723,7.3039,23.034,2.712,2.3192,4.4562,1.2541,50.295,0.49146,33.84,1.1036,1.4405,1.4609,88.692,6,4.2,47.1
7,2148,348.49,561.31,212.57,8565.9,18756,2225.9,23.071,12.721,32.255,4.3103,3.1037,5.4158,1.5967,42.457,0.59891,28.313,1.0395,1.1146,1.3501,75.111,6,4.2,47.1
7,2148,353.49,570.5,211.73,9947.5,21963,2342.1,19.13,10.5,31.12,3.9571,2.8207,5.3287,1.6032,42.515,0.58713,27.919,1.2748,1.1866,1.3856,78.361,6,4.2,47.1
7,2148,323.62,521.53,197.32,7376.9,16435,1906.4,26.82,16.152,38.678,4.6767,3.517,5.8977,1.6016,42.104,0.60046,26.312,1.066,1.0309,1.2456,55.615,6,4.2,47.1
7,2148,409.29,660.29,243.53,17895,43865,5209.4,14.116,7.0813,25.458,3.2858,2.2437,4.6926,1.6048,47.657,0.5857,30.247,1.4043,1.6589,1.6816,92.001,6,4.2,47.1
7,2148,368.45,592.75,226.71,12592,28804,3327.2,18.708,9.5434,30.005,3.8495,2.6411,5.1564,1.5978,48.044,0.60241,32.983,1.2729,1.3934,1.5343,61.6,6,4.2,47.1
7,2148,384.88,624.58,237.25,20277,52255,6498.9,13.84,6.6856,23.745,3.2406,2.164,4.4919,1.616,46.644,0.60563,33.297,1.508,1.6584,1.5828,75.807,6,4.2,47.1
7,2148,383.37,533.22,219.24,11757,18648,2879.6,18.605,13.31,30.114,3.8666,3.17,5.2199,1.3779,41.532,0.56175,28.627,1.1312,1.0731,1.2609,57.67,6,4.2,47.1
7,2148,325.78,459.02,191.84,10434,15248,2193.7,20.471,18.22,41.877,4.0335,3.75,5.9862,1.3867,42.367,0.57237,28.895,1.0646,1.1449,1.034,51.372,6,4.2,47.1
7,2148,302.8,421.76,184.91,13838,23873,4084.8,18.55,21.793,32.07,3.8913,3.9763,5.2557,1.3797,37.26,0.5967,25.299,1.3277,0.89047,1.2076,38.065,6,4.2,47.1
7,1704,347.31,558.95,206.95,9815.3,22881,2609,23.415,12.635,33.21,4.3087,3.0468,5.4595,1.6024,40.418,0.58692,25.319,0.9891,1.1272,1.4688,72.877,6,4.2,47.1
7,1704,421.61,703.93,266.84,15460,43457,6616.1,19.916,8.4501,34.134,3.8669,2.4681,5.1995,1.6672,47.289,0.63046,31.579,1.4433,1.6043,1.8037,140.97,6,4.2,47.1
7,1704,379.44,604.28,217.83,10408,26295,3364.3,21.244,10.631,28.976,4.1165,2.7755,5.0946,1.5875,42.08,0.56923,26.667,1.1411,1.2895,1.5838,94.41,6,4.2,47.1
7,1704,413.83,669.71,252.73,23550,62050,7320.4,12.648,5.9936,23.102,3.0476,1.9846,4.405,1.6141,49.38,0.59791,38.653,1.3775,1.7035,1.472,97.632,6,4.2,47.1
7,1704,467.95,759.22,283.43,22316,62715,8866,11.825,5.5306,19.756,2.9888,1.9333,4.0464,1.6245,52.749,0.60474,34.952,1.5027,1.7108,1.5642,140.15,6,4.2,47.1
7,1704,475.81,784.59,295.08,20768,58905,8513.6,13.966,6.9616,21.001,3.1683,2.1747,4.0952,1.6489,51.547,0.61841,35.378,1.3046,1.8533,1.8567,151.1,6,4.2,47.1
7,1704,420.37,577.14,251.36,24461,44414,9479.8,10.025,7.2548,15.765,2.7531,2.2238,3.6399,1.3651,45.661,0.59629,30.768,1.092,1.4189,1.3547,80.27,6,4.2,47.1
7,1704,451.64,626.91,261.64,15462,29944,6373.6,14.533,8.7517,23.407,3.3753,2.5593,4.4695,1.3822,50.634,0.5771,38.892,1.2093,1.3801,1.223,102.54,6,4.2,47.1
7,1704,440.07,594.58,253.52,20328,37339,8653.8,11.304,7.7203,18.944,2.9556,2.3414,4.0059,1.3455,58.067,0.57425,44.615,1.1374,1.3585,1.2804,89.871,6,4.2,47.1
7,192,439.82,677.08,230.05,20177,47058,5034.4,18.247,8.8751,27.328,3.717,2.517,4.887,1.535,52.945,0.51678,37.841,1.9563,1.354,1.2273,129.88,6,4.2,47.1
7,192,366.67,574.08,209.18,14370,32971,3939.1,23.095,14.001,32.143,4.2254,3.1303,5.2815,1.5562,48.501,0.5582,37.311,1.7289,1.2031,1.2992,81.804,6,4.2,47.1
7,192,424.97,669.39,239.78,20928,50328,6258.5,16.583,7.2678,21.511,3.5066,2.2275,4.2893,1.5688,50.338,0.55684,38.403,1.9556,1.5572,1.3503,126.75,6,4.2,47.1
7,192,480.68,729.45,242.61,27869,56147,4214.3,10.737,6.6589,28.607,2.7752,2.1382,4.9959,1.5054,56.786,0.48582,45.363,1.4634,1.668,1.6859,126.05,6,4.2,47.1
7,192,413.83,622.23,212.76,35067,70135,5042.2,8.9595,6.1648,21.317,2.514,1.9675,4.3354,1.4855,50.356,0.48467,43.513,1.3386,1.7419,1.4435,76.299,6,4.2,47.1
7,192,406.24,617.32,210.57,30448,60455,4223.1,10.483,6.0845,25.477,2.7438,1.997,4.7329,1.4974,51.999,0.4879,46.385,1.4665,1.6295,1.3911,72.72,6,4.2,47.1
7,192,518.34,674.44,270.27,28317,43260,7194.2,9.462,7.3511,25.799,2.6292,2.2842,4.4945,1.2921,55.099,0.51553,38.899,1.2702,1.6566,1.657,132.52,6,4.2,47.1
7,192,496.73,634.74,252.6,33125,45837,6355.3,9.957,7.8461,24.472,2.6402,2.373,4.4446,1.2624,47.943,0.49713,30.466,0.86969,1.639,1.5693,113.28,6,4.2,47.1
7,192,493.73,620.55,236.36,29631,40431,5369.4,8.7054,7.1348,23.863,2.5215,2.2588,4.4892,1.2443,48.397,0.46976,30.714,1.1957,1.4952,1.5238,105.2,6,4.2,47.1
7,0,413.78,643.34,225.19,30668,71852,7380.6,11.088,7.0328,19.203,2.8323,2.09,4.0729,1.5473,50.318,0.53087,34.592,1.671,1.8822,2.0872,114.1,6,4.2,47.1
7,0,339.4,538.03,195.53,14224,30553,3192.1,30.522,18.849,38.828,4.8607,3.7381,5.8377,1.5649,49.434,0.5554,36.513,1.0121,0.84498,1.6708,63.042,6,4.2,47.1
7,0,435.17,680.21,235.04,24648,59204,7127.8,27.648,14.066,29.966,4.5122,3.1272,5.0776,1.5564,59.587,0.53107,46.1,1.3214,1.4311,2.0822,130.71,6,4.2,47.1
7,0,452.07,681.12,229.9,28696,57245,4762.5,10.249,6.4137,25.966,2.7144,2.0594,4.7589,1.4888,54.665,0.48883,43.282,1.495,1.6146,1.6147,104.18,6,4.2,47.1
7,0,403.8,615.72,213.99,33541,66949,4764.1,9.0441,5.8787,23.859,2.5401,1.9476,4.5296,1.5018,50.952,0.49666,46.25,1.1233,1.5201,1.3458,72.578,6,4.2,47.1
7,0,458.31,702.64,244.62,32848,67707,5556.9,9.7527,6.0667,27.879,2.6407,2.0055,4.8373,1.5139,53.562,0.50923,48.321,1.4504,1.9292,1.5535,114.55,6,4.2,47.1
7,0,526.27,675.38,273.73,42529,58234,8134.1,8.2259,6.3867,17.075,2.3926,2.0725,3.8252,1.2661,55.217,0.50525,35.007,1.5134,1.6821,1.5347,135.52,6,4.2,47.1
7,0,454.01,558.81,216.53,28368,31288,3379.2,9.9833,9.0195,26.143,2.7101,2.5533,4.8479,1.2054,52.824,0.4577,36.002,1.0753,1.5187,1.2009,77.251,6,4.2,47.1
7,0,493,612.93,243.57,42431,52161,6822,9.8493,7.9331,19.684,2.5642,2.2847,4.1148,1.2216,56.303,0.47687,37.99,1.1773,1.507,1.4281,104.82,6,4.2,47.1
8,1068,296.29,486.78,188.68,9404.2,23247,2825.1,19.272,12.877,33.332,4.0047,3.1322,5.3815,1.6336,36.996,0.62367,26.79,0.99753,1.1398,1.4498,38.495,2.95,2.85,105
8,1068,335.88,547.84,202.95,16126,40719,4766.2,14.873,8.9268,21.414,3.3923,2.4656,4.3626,1.6199,41.282,0.59125,27.24,1.4737,1.4869,1.6266,66.394,2.95,2.85,105
8,1068,348.75,555.36,203.59,14089,34652,4183.1,16.087,8.9035,23.378,3.5587,2.51,4.5826,1.5819,45.263,0.57434,30.888,1.4394,1.4199,1.6006,71.524,2.95,2.85,105
8,1068,331.18,530.27,199.24,8523.3,22466,2987.4,26.372,14.539,32.366,4.6002,3.2641,5.3136,1.5951,42.634,0.59315,28.917,1.334,1.2425,1.2123,46.304,2.95,2.85,105
8,1068,311.5,501.7,189.64,11512,29030,3267.2,18.888,10.475,26.225,3.8589,2.7481,4.8575,1.6051,39.419,0.59668,27.815,1.1073,1.2907,1.109,36.292,2.95,2.85,105
8,1068,374.22,594.72,216.01,8951.2,24215,3325.5,23.499,11.421,28.125,4.386,2.9166,5.0289,1.5893,45.263,0.57354,29.145,1.3382,1.2345,1.1955,61.049,2.95,2.85,105
8,1068,406.3,540.32,216.01,14584,20203,3205.4,16.336,12.793,27.362,3.5965,3.1102,4.9658,1.3133,52.485,0.52182,32.977,1.1743,1.2522,1.3037,61.455,2.95,2.85,105
8,1068,327.34,448.95,184.02,9692.1,14733,2254.6,21.717,18.126,36.489,4.1723,3.7413,5.6434,1.3519,42.245,0.55004,25.489,1.0137,1.1227,1.0066,52.811,2.95,2.85,105
8,1068,361.21,493.81,198.65,14170,20752,3440.3,17.018,12.691,24.204,3.6696,3.0857,4.6728,1.3468,44.137,0.539,27.733,1.2551,1.0834,1.0464,44.348,2.95,2.85,105
8,348,372.29,598.59,223.75,10655,28022,4069.8,24.053,11.261,25.671,4.3396,2.8216,4.7721,1.6048,45.281,0.59611,32.262,1.1439,1.3954,1.5399,92.721,2.95,2.85,105
8,348,401.76,643.92,238.2,14340,37245,5724.7,18.491,8.3849,25.14,3.788,2.4387,4.7057,1.5989,51.418,0.58885,40.927,1.0801,1.6132,1.6816,114.5,2.95,2.85,105
8,348,393.92,607.35,213.19,12704,29218,3533.5,22.314,11.38,27.69,4.1867,2.8522,4.9771,1.536,49.127,0.53594,31.99,1.1359,1.4576,1.5412,97.56,2.95,2.85,105
8,348,387.4,590.98,208.69,16670,35724,3458.6,18.348,9.5815,28.46,3.7903,2.6234,5.0352,1.5153,46.783,0.52454,34.937,1.4003,1.4064,1.2947,61.238,2.95,2.85,105
8,348,348.6,533.21,190.55,19044,40678,3783.7,17.192,11.149,28.809,3.6037,2.7667,5.0114,1.5127,45.833,0.52367,36.278,1.6875,1.525,1.3128,35.049,2.95,2.85,105
8,348,447.36,687.65,242.51,18861,43343,4824.2,14.205,7.1163,25.582,3.3107,2.2636,4.7289,1.535,48.537,0.5375,33.988,1.4864,1.6395,1.3241,107.7,2.95,2.85,105
8,348,449.27,578.08,224.26,22182,30096,4047.4,13.029,9.4094,24.649,3.1356,2.6193,4.6892,1.2675,58.442,0.48672,33.732,1.3661,1.4459,1.3958,81.333,2.95,2.85,105
8,348,438.4,582.64,239.34,23395,35423,5867.5,14.807,12.212,22.44,3.3204,2.8644,4.4053,1.3163,43.637,0.5381,30.407,1.4323,1.4401,1.24,83.074,2.95,2.85,105
8,348,434.62,566.28,224.21,16116,23994,4000,16.195,12.845,26.745,3.5451,3.0427,4.8707,1.2909,49.399,0.50977,29.269,1.2137,1.2179,1.2268,74.756,2.95,2.85,105
8,756,337.43,543.69,205.83,8324,22503,3226,27.755,15.937,35.146,4.7022,3.4049,5.52,1.6062,43.575,0.60487,27.909,1.0371,1.3494,1.4596,66.452,2.95,2.85,105
8,756,363.65,573.38,205.68,13504,32673,3880.1,18.502,10.225,27.644,3.8067,2.6956,4.9377,1.5702,43.785,0.55955,27.795,1.1897,1.4465,1.6572,80.06,2.95,2.85,105
8,756,342.5,550.6,205.2,9993.2,25751,3488.1,23.668,12.671,30.911,4.3441,3.0311,5.1808,1.6044,41.393,0.59329,27.168,1.2471,1.2365,1.4919,69.218,2.95,2.85,105
8,756,360.1,556.83,201.28,12302,26409,2643.7,20.353,12.821,34.11,4.0286,3.0402,5.495,1.5349,42.13,0.5457,29.639,1.3614,1.4598,1.2225,46.433,2.95,2.85,105
8,756,364.82,576.51,213.22,9293.5,23351,3102.8,23.899,11.87,28.698,4.4262,2.9737,5.0926,1.5768,43.196,0.5795,28.126,1.0017,1.3859,1.344,55.408,2.95,2.85,105
8,756,375.18,581.8,209.41,9269.4,22415,2980,22.291,12.219,32.907,4.2588,3.0061,5.3993,1.5474,45.298,0.55278,30.937,1.0293,1.3065,1.3828,56.646,2.95,2.85,105
8,756,341.83,451.03,187.14,7804.6,10117,1652.4,28.807,28.388,51.09,4.8358,4.7314,6.6791,1.305,43.057,0.53803,24.977,0.96804,1.0915,1.0465,62.705,2.95,2.85,105
8,756,330.48,458.61,194.94,8825.4,13664,2365.7,23.118,19.529,38.895,4.3398,3.9094,5.8061,1.3731,39.744,0.57934,26.276,1.1069,1.0322,1.0874,54.5,2.95,2.85,105
8,756,389.43,509.28,204.9,15827,23468,3655.3,18.606,14.517,28.485,3.8015,3.2704,4.9952,1.2959,43.307,0.51832,26.169,1.2394,1.382,1.1825,48.378,2.95,2.85,105
8,1296,286.21,467.92,181.39,7755.8,19536,2596.5,22.511,16.019,34.68,4.3331,3.4989,5.5193,1.6256,37.074,0.62473,25.463,0.90497,1.1841,1.2773,32.241,2.95,2.85,105
8,1296,290.78,475.08,184.11,8457.3,22011,2885.7,26.491,16.513,34.747,4.6032,3.5139,5.4852,1.6271,36.165,0.62426,21.972,1.0523,1.2585,1.4844,34.658,2.95,2.85,105
8,1296,277.23,440.25,168.43,10881,26494,3050.9,18.444,13.628,30.752,3.8877,3.1678,5.2035,1.58,38.053,0.5898,25.743,1.0137,1.2861,1.3926,22.221,2.95,2.85,105
8,1296,303.67,471.72,175.68,10263,24474,2596.4,19.112,13.039,33.234,3.92,3.1115,5.4156,1.5477,40.337,0.56563,27.132,1.218,1.2477,0.77307,41.625,2.95,2.85,105
8,1296,320.71,506.27,189.94,8742.3,21576,2723.4,23.589,13.087,30.331,4.3767,3.1494,5.1979,1.5734,39.845,0.58429,25.569,1.1176,1.2308,1.2738,45.619,2.95,2.85,105
8,1296,349.18,556.4,206.02,14012,35513,4270.6,18.058,8.8333,22.71,3.7419,2.4693,4.4985,1.5885,43.588,0.58198,28.305,1.186,1.439,1.2918,43.174,2.95,2.85,105
8,1296,302.23,414.3,168.52,4959.3,7684.5,1217.6,36.966,27.93,55.986,5.481,4.7923,6.9844,1.3574,36.641,0.55004,22.406,1.0386,0.91682,0.95083,67.923,2.95,2.85,105
8,1296,316.48,442.89,180.58,6408.6,10571,1792.7,28.081,20.787,41.928,4.8027,4.0699,6.0653,1.3873,40.852,0.56238,26.985,0.89178,1.0418,1.0015,60.693,2.95,2.85,105
8,1296,379.65,505.72,205.21,15061,21855,3458.2,14.522,11.783,24.497,3.4062,2.9972,4.7206,1.3161,47.255,0.53037,29.446,1.068,1.3563,1.324,46.462,2.95,2.85,105
9,1200,261.25,437.19,182.03,6251.8,16509,2522,28.667,18.861,37.15,4.8537,3.8151,5.6655,1.661,40.335,0.68415,30.628,1.0742,1.0568,1.161,35.524,8.505,10.05,300.5
9,1200,311.33,499.77,193.79,10767,25641,3183.4,22.084,14.463,31.853,4.2072,3.2936,5.3212,1.5933,40.23,0.60872,29.488,1.0678,1.1304,1.6018,46.444,8.505,10.05,300.5
9,1200,319.5,523.3,204.39,9801.8,26590,4049.4,31.854,18.978,34.024,5.0143,3.7194,5.3894,1.6315,42.621,0.63255,32.067,1.0647,1.1461,1.6207,56.764,8.505,10.05,300.5
9,1200,367.41,592.47,227.01,25451,69864,10150,14.716,8.2937,22.664,3.2927,2.288,4.3484,1.6165,53.917,0.61259,40.45,1.7008,1.9077,1.7662,61.202,8.505,10.05,300.5
9,1200,447.21,698.88,247.02,15161,39227,5127.7,15.426,7.5399,25.348,3.4819,2.3459,4.6983,1.5604,51.444,0.55028,33.048,1.5503,1.3582,1.4552,111.5,8.505,10.05,300.5
9,1200,330.87,519.22,189.93,11775,30295,3837.7,25.066,16.254,40.152,4.4555,3.4591,5.8605,1.5668,44.006,0.56678,31,1.4731,1.4253,1.2355,43.147,8.505,10.05,300.5
9,1200,481.34,659.65,265.36,21168,40059,7675.9,12.88,7.9945,19.926,3.1154,2.3737,4.1433,1.3666,48.286,0.55225,32.972,1.4827,1.5303,1.4384,118.68,8.505,10.05,300.5
9,1200,387.54,520.62,203.79,16980,27313,4111.3,21.2,17.187,35.146,4.0627,3.5622,5.4944,1.3286,43.229,0.51765,27.11,1.3536,1.5455,1.4582,50.945,8.505,10.05,300.5
9,1200,355.85,486.19,192.05,13817,24142,3694.1,27.436,22.3,46.71,4.6665,4.161,6.299,1.3557,40.963,0.53428,26.626,1.223,1.3316,1.5614,49.767,8.505,10.05,300.5
9,384,393.63,632.4,230.36,11602,28338,3794.5,20.17,10.184,29.71,4.0165,2.7403,5.1274,1.6006,45.141,0.58054,27.548,1.0668,1.4108,1.5991,107.78,8.505,10.05,300.5
9,384,412.71,648.97,223.9,14380,34476,4108,15.643,7.8197,24.13,3.5117,2.3848,4.642,1.5669,50.714,0.53585,32.076,1.3822,1.431,1.6397,114.91,8.505,10.05,300.5
9,384,369.67,582.98,207.39,12232,30714,3840.6,23.107,11.285,27.132,4.2972,2.8676,4.9011,1.5716,48.145,0.55561,31.995,1.1674,1.1801,1.6438,84.286,8.505,10.05,300.5
9,384,365.66,553.84,189.17,15991,35827,3570.1,17.519,10.375,32.509,3.6608,2.6978,5.2983,1.5088,45.326,0.50701,30.35,1.0789,1.5118,1.1463,44.206,8.505,10.05,300.5
9,384,397.64,630.92,222.52,17387,44558,5157.2,15.32,7.1462,23.046,3.4308,2.252,4.4865,1.5839,46.498,0.55279,28.877,1.3159,1.7769,1.5632,76.866,8.505,10.05,300.5
9,384,328.22,512.3,183.42,17642,39561,3922.2,17.639,9.3499,23.047,3.6241,2.5091,4.5334,1.5491,43.904,0.54176,31.856,0.90966,1.432,1.2845,28.362,8.505,10.05,300.5
9,384,402.64,542.77,211.67,16113,24717,3896.8,13.594,10.01,23.182,3.2603,2.708,4.5539,1.3329,44.692,0.519,26.501,1.2223,1.292,1.252,59.667,8.505,10.05,300.5
9,384,487.26,611.72,236.02,25003,29173,3981.4,12.806,9.9219,25.678,3.0561,2.6564,4.781,1.2337,57.518,0.47156,34.407,1.1662,1.3583,1.2749,101.48,8.505,10.05,300.5
9,384,395.91,544.47,220.14,17961,28399,4451.7,14.128,10.234,23.593,3.2965,2.7383,4.5731,1.3564,54.735,0.5445,30.703,0.98885,1.434,1.4992,58.945,8.505,10.05,300.5
9,1440,230.81,382.67,160.14,5216,13684,2362.1,23.742,20.399,41.289,4.5431,4.0314,6.0594,1.647,36.216,0.68067,28.4,0.90973,0.96771,0.8113,38.671,8.505,10.05,300.5
9,1440,275.19,459.31,183.27,6938.1,18144,2620,23.224,17.063,38.524,4.4144,3.6261,5.7731,1.6629,42.688,0.65323,31.452,1.1892,1.1115,1.0727,33.474,8.505,10.05,300.5
9,1440,308.67,491.09,186.31,13930,32611,3796.1,18.256,14.191,30.323,3.8538,3.2246,5.1983,1.5755,43,0.5861,30.755,1.1762,1.2334,1.6693,41.86,8.505,10.05,300.5
9,1440,447.25,679.37,238.93,18595,45101,6006,18.709,9.7618,25.045,3.7517,2.5906,4.6935,1.5168,61.132,0.52864,44.377,1.3497,1.7203,1.7365,104.77,8.505,10.05,300.5
9,1440,366.03,579.28,214.6,18501,48986,6745.3,21.288,15.047,34.218,4.0731,3.2321,5.3416,1.5814,48.146,0.58071,36.241,1.8271,1.67,1.5127,54.618,8.505,10.05,300.5
9,1440,337.14,535.95,201.42,12582,29909,3471.9,21.182,13.332,32.702,4.1302,3.1374,5.3582,1.5789,46.117,0.5822,31.261,1.5036,1.4053,1.2961,42.499,8.505,10.05,300.5
9,1440,484.23,648.15,259.96,25208,42828,7839,10.645,7.2435,21.478,2.7971,2.2373,4.2341,1.3285,55.018,0.53216,39.056,1.4964,1.6333,1.4633,115.26,8.505,10.05,300.5
9,1440,340.28,477.86,199.5,17210,29034,5014.2,23.093,19.398,37.163,4.2642,3.8413,5.6265,1.3827,42.122,0.57257,28.588,1.4647,1.2123,0.80431,42.353,8.505,10.05,300.5
9,1440,294.66,420.37,173.48,9310.3,15906,2845.2,35.115,31.642,51.035,5.3848,4.9902,6.7254,1.4082,41.83,0.57717,28.848,1.3582,0.48684,0.85618,56.305,8.505,10.05,300.5
9,792,223.37,379.49,161.57,3501.5,9309.3,1617.9,28.751,25.768,45.16,5.0746,4.5724,6.3291,1.6847,35.965,0.70851,27.791,0.7463,0.93595,0.65637,46.981,8.505,10.05,300.5
9,792,295.73,475.79,182.57,8791.7,21003,2783.5,26.63,15.871,31.302,4.5461,3.4075,5.2533,1.5974,40.199,0.60511,28.132,0.98439,1.1434,1.4323,34.594,8.505,10.05,300.5
9,792,340.88,558.97,214.11,11460,31720,4616.9,22.472,11.23,25.117,4.1798,2.8026,4.6982,1.6398,42.715,0.62485,27.75,1.2392,1.3325,1.6377,73.038,8.505,10.05,300.5
9,792,402.07,631.04,225.04,21878,53904,6054.2,14.197,7.0502,22.269,3.2742,2.1899,4.372,1.5644,46.996,0.55044,31.659,1.4765,1.53,1.5268,78.586,8.505,10.05,300.5
9,792,279.92,449.02,175.17,9324.5,22446,2742.4,20.623,15.56,36.467,4.1247,3.4066,5.604,1.5918,41.965,0.60893,29.985,1.2143,1.1993,1.0791,45.917,8.505,10.05,300.5
9,792,320.93,504.78,186.24,14019,32937,3593.2,20.151,14.098,35.247,3.9739,3.1872,5.4946,1.5606,44.313,0.56224,33.75,1.3487,1.4721,1.189,36.275,8.505,10.05,300.5
9,792,424.69,568.88,225.17,19617,30157,5053.8,12.52,8.8767,22.393,3.103,2.5431,4.4468,1.3249,52.687,0.52254,34.667,1.3168,1.5279,1.3557,72.994,8.505,10.05,300.5
9,792,306.09,435.79,176.74,11097,18649,2867,24.588,21.318,39.738,4.4895,4.108,5.9311,1.4046,45.645,0.5636,31.46,1.4161,0.91715,0.89998,50.803,8.505,10.05,300.5
9,792,382.3,520.52,206.76,14693,25366,4059.7,15.201,10.359,23.786,3.4534,2.7715,4.6045,1.354,49.959,0.53397,33.166,1.316,1.2844,1.2671,49.166,8.505,10.05,300.5
10,2496,178.95,296.02,126.67,2968.2,6273.6,729.29,38.074,35.94,76.924,5.73,5.4202,8.2683,1.6289,30.47,0.68118,24.902,0.43365,0.42484,0.14674,67.098,8.505,10.05,300.5
10,2496,183.62,312.68,138.31,2612.1,5921.6,777.67,32.756,34.316,63.802,5.3723,5.2489,7.6425,1.6803,33.313,0.72565,28.532,0.27175,0.42104,0.32441,62.767,8.505,10.05,300.5
10,2496,153.17,272.09,131.96,1230.9,3399.2,697.87,51.769,41.583,69.117,6.8643,5.9563,7.9333,1.7603,30.59,0.84194,22.937,0.10861,0.054359,0.13368,77.642,8.505,10.05,300.5
10,2496,193.27,325.1,144.1,2379.8,5408.8,686.97,40.817,42.937,70.73,5.9867,5.8754,8.0389,1.6634,33.171,0.72307,25.217,0.38148,0.42042,0.30341,88.67,8.505,10.05,300.5
10,2496,194.75,330.67,147.8,3498.7,8123.4,1013,36.502,37.666,65.113,5.5968,5.5049,7.662,1.671,34.576,0.72772,28.675,0.79749,0.58769,0.045872,84.673,8.505,10.05,300.5
10,2496,181.64,309.69,141.32,2585.5,5838.8,732.61,39.714,39.676,70.311,5.8797,5.6853,8.0056,1.6845,33.057,0.75604,25.836,0.42841,0.44945,0.067467,91.404,8.505,10.05,300.5
10,2496,167.57,263.55,122,1183.8,2210.4,476.72,59.158,52.826,96.394,7.2298,6.7668,9.2785,1.5562,29.751,0.71433,21.25,0.11204,0.014112,0.013553,101.71,8.505,10.05,300.5
10,2496,229.21,336.66,150.62,2505.6,3949.1,724.76,35.976,48.363,69.901,5.6952,6.2683,8.0121,1.4525,34.967,0.64193,24.872,0.50208,0.29665,0.39347,82.46,8.505,10.05,300.5
10,2496,193.59,293.48,132.08,2460.5,3953,680.46,36.338,44.603,69.249,5.6715,6.0634,7.96,1.4916,38.338,0.66088,25.646,0.23259,0.13034,0.1431,89.017,8.505,10.05,300.5
10,1332,267.11,444.17,178.15,5354.2,13701,1739.7,26.964,20.053,41.648,4.7325,3.9515,6.0403,1.6556,35.484,0.65348,26.455,1.007,1.0809,1.0457,36.955,8.505,10.05,300.5
10,1332,270.45,452.49,174.14,6037.1,16391,1945.2,27.522,17.714,42.543,4.7281,3.6906,6.0903,1.6629,43.163,0.6302,27.944,1.1242,1.1361,1.1079,33.016,8.505,10.05,300.5
10,1332,246.99,398.64,154.63,4633.8,10866,1521.9,26.944,21.284,43.785,4.8293,4.1523,6.2956,1.5999,36.445,0.61326,24.731,1.0073,1.0051,0.54455,40.239,8.505,10.05,300.5
10,1332,296.51,475.3,177.93,6646.1,16322,1913,27.968,17.098,40.599,4.7623,3.6244,5.9842,1.5909,51.344,0.58728,29.465,1.1176,1.1462,1.1573,53.189,8.505,10.05,300.5
10,1332,286.73,467.37,179.85,8983.3,23346,2770.4,20.953,14.026,35.345,4.15,3.2406,5.541,1.6185,50.98,0.61095,30.521,1.2536,1.3153,1.1857,43.867,8.505,10.05,300.5
10,1332,270.84,435.54,166.94,7925.9,19488,2018.1,23.092,14.908,39.956,4.2949,3.355,5.9022,1.5988,44.357,0.59922,28.435,1.0437,1.0776,1.074,49.822,8.505,10.05,300.5
10,1332,283.83,391.64,161.57,7445.7,12400,1913.3,20.977,21.431,41.247,4.1977,4.1025,6.0713,1.3705,43.605,0.56056,27.386,0.86948,0.87931,1.0685,57.845,8.505,10.05,300.5
10,1332,250.81,357.63,152.71,6267.5,9943,1450.5,21.808,25.62,46.647,4.3317,4.4898,6.4853,1.4056,39.076,0.5919,26.786,0.46973,0.60652,1.0054,65.146,8.505,10.05,300.5
10,1332,267.07,366.65,153,5330.2,8477.3,1345.8,29.355,26.269,49.696,4.9138,4.605,6.6953,1.3615,38.303,0.56228,25.017,0.83291,0.7319,0.86352,67.076,8.505,10.05,300.5
10,696,286.81,475.87,180.71,6172.3,16235,2144.2,29.754,17.66,37.049,4.8614,3.6178,5.6732,1.6522,39.088,0.62235,25.525,1.1442,1.1285,1.0909,36.169,8.505,10.05,300.5
10,696,286.26,479.57,182.75,8536.2,23813,3108.9,25.126,12.85,29.893,4.4429,3.0634,5.1051,1.6679,42.604,0.6295,27.672,1.3011,1.1783,1.1266,34.799,8.505,10.05,300.5
10,696,287.94,479.14,185.35,8775.7,23699,2968.2,21.659,13.863,27.9,4.194,3.2,4.9924,1.6553,42.718,0.63205,29.018,1.251,1.2717,1.2747,34.832,8.505,10.05,300.5
10,696,313.1,505.74,185.22,7785,19129,2284.4,30.036,17.006,43.398,4.8934,3.5584,6.1039,1.5985,50.584,0.57962,31.31,1.2088,1.2314,1.0514,50.793,8.505,10.05,300.5
10,696,287.43,463.85,178.68,8042.4,19923,2453.3,25.094,17.126,43.253,4.5022,3.5992,6.0732,1.5975,47.909,0.60365,31.463,1.2138,1.2378,1.1776,49.157,8.505,10.05,300.5
10,696,291.96,465.33,175.57,6730.9,16755,2170.9,28.259,16.955,37.534,4.7873,3.5997,5.7239,1.5857,43.486,0.59058,28.789,1.144,1.076,1.0977,52.398,8.505,10.05,300.5
10,696,327.34,451.31,178.78,13620,23727,3771.7,16.203,15.154,30.901,3.599,3.3347,5.1894,1.3647,46.796,0.53403,30.574,1.0184,1.1491,1.1519,38.714,8.505,10.05,300.5
10,696,294.78,405.75,159.92,11710,17820,2481.4,14.819,14.733,32.523,3.5102,3.3595,5.3884,1.3532,44.348,0.52444,28.709,0.97029,1.0019,1.0089,46.183,8.505,10.05,300.5
10,696,324.13,443.14,177.31,9741.7,16046,2645.4,19.579,16.963,36.464,3.9888,3.6287,5.6468,1.3592,43.039,0.54086,26.377,0.9945,0.91132,0.93031,50.309,8.505,10.05,300.5
10,1224,277.64,463.32,178.49,5829,15536,1972.7,31.322,16.395,38.117,4.9702,3.5221,5.7821,1.659,43.699,0.63122,28.719,1.0698,1.0329,1.1138,35.732,8.505,10.05,300.5
10,1224,277.55,463.46,179.27,5221.1,14692,1961.9,30.2,17.079,38.864,4.9354,3.618,5.8368,1.6655,38.258,0.64044,23.483,1.0935,1.0833,1.0383,36.637,8.505,10.05,300.5
10,1224,285.63,476.87,181.86,6084.5,17162,2243.8,33.22,17.145,36.373,5.1009,3.5462,5.6177,1.664,41.482,0.62761,26.195,1.1771,1.0539,1.0572,37.041,8.505,10.05,300.5
10,1224,275.27,447.76,170.31,10495,27270,2920.5,18.433,10.69,27.951,3.8322,2.7917,4.9548,1.6155,43.162,0.59947,27.14,1.1987,1.2586,0.88068,38.214,8.505,10.05,300.5
10,1224,284.28,459.77,172.36,5669.2,14816,1752.4,33.07,16.828,37.245,5.1338,3.579,5.7532,1.6106,40.457,0.59727,24.631,0.99928,1.016,0.8435,55.349,8.505,10.05,300.5
10,1224,300.02,484.03,178.35,6948,17603,1965.5,29.23,18.381,47.197,4.8509,3.7099,6.3354,1.6092,41.686,0.58419,27.278,1.1936,1.2814,0.99965,52.051,8.505,10.05,300.5
10,1224,280.79,381.91,152.93,6528.5,9497,1176.5,25.843,23.201,51.856,4.5765,4.3382,6.8519,1.3451,41.129,0.52902,26.734,0.77939,0.79164,1.0083,64.295,8.505,10.05,300.5
10,1224,280.94,390.02,158.68,5591.1,9147.5,1523.8,30.174,23.109,46.256,4.9464,4.3398,6.4572,1.3713,42.777,0.55123,29.436,0.73484,0.67158,0.9836,64.625,8.505,10.05,300.5
10,1224,271.96,385.21,157.6,7155.9,11769,1746.3,21.443,19.736,38.654,4.2185,3.9648,5.8956,1.4008,39.711,0.56571,26.474,0.74228,0.82421,1.0218,59.09,8.505,10.05,300.5
10,1152,288.31,489.53,189.74,8456.7,24982,3499.8,25.6,14.149,30.9,4.454,3.1414,5.1304,1.6919,44.598,0.64816,29.467,1.2989,1.1163,1.3607,38.814,8.505,10.05,300.5
10,1152,283.77,466.58,178.53,7654,19621,2476.3,22.803,16.491,33.853,4.3402,3.5324,5.4665,1.6323,44.895,0.61619,31.328,1.0955,1.3318,1.0686,31.285,8.505,10.05,300.5
10,1152,273.63,461.13,180.95,7379.2,20806,2958.5,22.647,14.452,32.21,4.3044,3.2951,5.3056,1.6756,42.217,0.64924,29.158,1.2484,1.1959,1.183,30.9,8.505,10.05,300.5
10,1152,303.08,491.02,182.26,7124.2,17810,2114.8,27.34,15.231,36.521,4.6763,3.3759,5.6463,1.611,37.37,0.59156,24.004,1.1685,1.1745,1.029,50.618,8.505,10.05,300.5
10,1152,264.52,426.43,165.53,10256,24651,2639.3,17.206,13.366,37.207,3.7579,3.1396,5.7274,1.598,43.196,0.60122,32.895,1.1352,1.156,1.1559,44.63,8.505,10.05,300.5
10,1152,297.43,486.12,185.57,11610,28161,2770.3,18.568,11.336,33.447,3.8596,2.8871,5.4013,1.6154,52.227,0.59941,34.232,1.1781,1.3257,1.0222,37.863,8.505,10.05,300.5
10,1152,294.45,404.75,166.62,8643.5,11409,1749.2,20.312,19.292,37.55,4.1074,3.9322,5.784,1.3479,43.297,0.54722,30.028,0.63585,0.87974,0.83388,56.575,8.505,10.05,300.5
10,1152,271.14,379.99,152.88,7681.1,12622,1769.1,20.123,20.673,39.473,4.1218,4.0343,5.9721,1.3832,42.221,0.54697,29.113,0.67772,0.78373,1.0221,58.66,8.505,10.05,300.5
10,1152,276.89,389.23,157.03,7129.5,10969,1449.2,23.456,22.661,43.797,4.4075,4.2665,6.2893,1.3841,43.386,0.54565,31.437,0.61514,0.80407,1.026,61.168,8.505,10.05,300.5
10,360,293.9,481.48,178.55,8099.9,21678,2939.6,31.889,15.82,30.764,4.9594,3.3719,5.1686,1.6266,50.219,0.59613,34.493,1.2557,1.0462,1.0941,35.438,8.505,10.05,300.5
10,360,298.15,492.4,186.1,6895.4,20585,3075.8,30.623,12.902,25.487,4.8921,3.1077,4.7962,1.6507,47.208,0.61838,31.697,1.0689,1.2684,1.1274,40.951,8.505,10.05,300.5
10,360,296.88,485.92,181.24,7246.1,19477,2829.3,31.938,15.649,30.967,5.0062,3.4057,5.2099,1.6328,48.545,0.60294,33.645,1.1043,0.98839,1.0822,38.301,8.505,10.05,300.5
10,360,306.03,484.54,178.04,10166,23895,2694,26.403,17.761,41.637,4.5025,3.5309,5.9563,1.5719,49.87,0.56638,33.889,1.3856,1.3332,1.0285,44.103,8.505,10.05,300.5
10,360,308.42,485.98,178.12,10900,24833,2750.3,24.969,17.435,38.122,4.4571,3.593,5.7589,1.5627,54.652,0.56096,35.428,1.3986,1.4292,1.0538,42.951,8.505,10.05,300.5
10,360,423.07,626.67,209.23,11780,23920,2557.1,20.654,11.315,30.649,4.014,2.8721,5.2555,1.4715,49.843,0.48684,31.785,1.3448,1.3187,1.1145,78.919,8.505,10.05,300.5
10,360,319.21,428.97,175.39,8868,11085,1641,21.462,19.981,41.295,4.1774,3.9758,6.0511,1.3172,53.924,0.53122,33.443,0.96619,1.004,0.86428,57.507,8.505,10.05,300.5
10,360,370.77,480.14,187.77,16666,21434,3118.9,13.95,11.787,25.703,3.3126,3.0036,4.8251,1.2703,57.606,0.49175,32.766,1.2889,1.2614,0.90865,43.147,8.505,10.05,300.5
10,360,355.16,454.27,181.01,16149,23841,3472.9,27.903,24.196,49.382,4.6211,4.353,6.5242,1.2693,41.521,0.5019,25.58,1.4133,1.2541,1.2661,45.922,8.505,10.05,300.5
10,1860,225.8,380.67,162.44,4075.7,11165,1909.6,25.256,22.224,41.692,4.733,4.2006,6.1091,1.6795,39.046,0.70819,29.089,0.62674,0.98754,0.82363,42.852,8.505,10.05,300.5
10,1860,216.44,363.96,157.33,3846.8,10486,1885.9,27.794,28.364,51.037,4.9609,4.7282,6.7449,1.6731,36.774,0.71529,27.375,0.46559,0.78656,0.89955,46.954,8.505,10.05,300.5
10,1860,213.11,368.23,164.85,3570.2,9935.8,1905.9,27.151,23.177,42.655,4.9269,4.3334,6.1277,1.7122,36.715,0.75821,28.493,0.49842,0.83706,0.92793,46.754,8.505,10.05,300.5
10,1860,248.8,403.23,162.78,5044.9,11640,1388,28.404,23.338,59.05,4.9216,4.3257,7.2087,1.6011,44.592,0.6348,30.716,0.98267,1.0467,0.80877,65.357,8.505,10.05,300.5
10,1860,239.98,391.65,158.1,4217.2,9660.4,1120.1,28.417,26.149,62.677,5.0017,4.6108,7.4945,1.6183,37.587,0.64125,26.773,1.0056,0.90926,0.69028,70.532,8.505,10.05,300.5
10,1860,251.38,408.49,164.07,6932.7,16267,1738.6,25.599,20.443,54.36,4.5971,3.9829,6.8163,1.6055,44.952,0.62614,31.07,1.0344,1.0307,1.0674,57.762,8.505,10.05,300.5
10,1860,238.55,340.84,146.13,5269.4,8149.7,1185.7,24.712,28.949,52.359,4.6545,4.8279,6.9192,1.4031,43.834,0.59065,30.01,0.55443,0.41046,0.85328,71.37,8.505,10.05,300.5
10,1860,233.35,339.4,146.75,4150.9,6768.9,995.54,28.543,35.417,58.482,5.0309,5.3276,7.3228,1.4295,44.699,0.60329,29.078,0.64492,0.52251,0.51827,75.483,8.505,10.05,300.5
10,1860,227.27,335.95,144.78,4394.9,7648.8,1194.2,26.789,30.313,54.218,4.8737,4.9497,7.0495,1.4569,44.008,0.61818,30.893,0.59071,0.43146,0.64974,74.375,8.505,10.05,300.5
10,1404,285.17,472.3,181.99,8009.4,19984,2360,22.941,13.63,32.795,4.264,3.1889,5.3639,1.6413,43.262,0.62059,32.125,1.0973,1.2344,1.1595,32.858,8.505,10.05,300.5
10,1404,255.76,425.54,170.69,5591.8,13656,1546.6,26.249,20.56,46.698,4.6976,4.0394,6.3926,1.6551,40.683,0.64714,30.996,1.0818,1.0756,0.97374,36.848,8.505,10.05,300.5
10,1404,253.86,425.37,168.05,7842.5,20411,2412.4,21.565,15.997,37.864,4.2279,3.4991,5.75,1.6561,48.628,0.63944,34.454,1.3112,1.168,1.0737,27.444,8.505,10.05,300.5
10,1404,286.1,459.04,175.23,8231.1,18851,2007.4,22.838,16.089,41.079,4.308,3.5054,5.9996,1.5926,42.972,0.59457,31.866,1.1675,1.2201,1.1483,49.726,8.505,10.05,300.5
10,1404,282.12,453.66,173.55,8385.5,20257,2207.2,20.898,15.399,36.584,4.1618,3.4165,5.6675,1.5974,39.254,0.59958,28.61,1.019,1.1816,1.0045,47.598,8.505,10.05,300.5
10,1404,300.43,485.3,183.68,8399.7,20026,2300.3,24.999,16.889,42.98,4.5032,3.5714,6.1033,1.6052,43.91,0.598,31.147,1.108,1.3067,1.2016,48.947,8.505,10.05,300.5
10,1404,258.51,360.49,149.35,6330.8,9236.2,1255.3,23.759,27.475,49.328,4.4936,4.6721,6.712,1.3688,40.676,0.55908,28.529,0.45855,0.74207,0.9587,66.678,8.505,10.05,300.5
10,1404,267.18,375.48,158.25,4139.2,5993.2,868.8,32.039,32.259,63.827,5.2138,5.1485,7.6031,1.3865,39.668,0.57652,28.354,0.67248,0.57473,0.9492,72.896,8.505,10.05,300.5
10,1404,300.02,413.36,168.19,10829,16389,2444.2,16.002,18.824,38.387,3.6586,3.7574,5.8088,1.3553,44.191,0.54472,29.66,0.91901,1.0042,1.0282,47.814,8.505,10.05,300.5
10,192,401.02,640.85,234.66,15717,40456,6434.4,20.905,9.1797,25.048,3.9868,2.5552,4.6232,1.5913,63.869,0.57355,56.008,1.6562,1.3566,1.6519,112.7,8.505,10.05,300.5
10,192,411.36,650.22,235.59,14824,37176,5282.5,19.103,9.318,29.474,3.8334,2.5818,5.0274,1.5757,54.804,0.56731,41.192,1.6191,1.4804,1.5587,117.73,8.505,10.05,300.5
10,192,427.45,660.75,224.96,19231,45934,5169.4,16.789,7.5094,24.391,3.5591,2.2959,4.6153,1.5411,53.579,0.51695,39.167,1.8387,1.6474,1.2931,121.64,8.505,10.05,300.5
10,192,402.23,608.89,209.72,22538,46344,3765,12.191,6.9939,26.539,3.0249,2.2267,4.8465,1.4997,52.32,0.49998,41.344,1.636,1.5711,1.2378,69.485,8.505,10.05,300.5
10,192,380.63,584.44,204.18,21622,44302,3324.2,14.4,8.7508,34.706,3.2821,2.4285,5.5364,1.5169,55.632,0.50683,46.634,1.3407,1.5483,1.3096,57.026,8.505,10.05,300.5
10,192,405.54,619.31,217.87,15820,30969,3945.1,20.454,11.245,30.858,3.9549,2.8347,5.2606,1.5069,65.137,0.51832,55.497,1.4594,1.3253,1.297,74.811,8.505,10.05,300.5
10,192,444.65,566.67,223.4,27984,38880,5224.6,9.8912,7.5594,21.181,2.705,2.3175,4.2997,1.2571,49.345,0.48876,31.634,1.3404,1.5346,1.4407,77.072,8.505,10.05,300.5
10,192,462.91,594.35,233.4,28294,41361,6053.2,9.0632,7.5684,20.603,2.5831,2.2719,4.229,1.271,49.359,0.49506,31.649,1.395,1.5809,1.3439,90.483,8.505,10.05,300.5
10,192,486.12,599.38,230.6,31531,43025,6188.2,8.6684,7.0711,21.539,2.5149,2.2614,4.276,1.2203,50.98,0.46632,31.115,1.4663,1.6744,1.0822,96.679,8.505,10.05,300.5
10,120,315.81,513.51,189.4,14929,35865,4102.8,23.453,13.037,27.65,4.2639,3.0362,4.8867,1.6084,50.344,0.58083,37.885,1.6234,1.0516,1.0308,49.821,8.505,10.05,300.5
10,120,321.48,508.45,188.91,12579,27833,3353.2,25.214,17.747,32.845,4.4473,3.5822,5.3276,1.5651,56.736,0.56552,46.094,1.5492,0.8567,1.0081,49.845,8.505,10.05,300.5
10,120,383.13,587.71,200.69,20485,49178,5336.9,18.892,10.699,27.498,3.7707,2.6875,4.8219,1.5332,59.798,0.51496,41.211,1.9777,1.4829,0.99907,87.077,8.505,10.05,300.5
10,120,410.45,627.41,216.42,23730,49837,4716.7,12.36,6.6719,26.175,3.0392,2.1679,4.7837,1.5138,54.492,0.50975,40.361,1.4512,1.4822,1.2985,77.634,8.505,10.05,300.5
10,120,415.28,640.34,223.33,36574,81449,7541.1,7.6877,5.3227,18.88,2.3665,1.8076,4.0561,1.5284,53.774,0.51733,38.709,1.6512,1.8823,1.7716,83.656,8.505,10.05,300.5
10,120,425.96,648.22,227.52,36116,74869,6263.8,8.5056,5.4105,21.424,2.4413,1.8279,4.3137,1.5024,61.997,0.50497,48.691,1.5556,1.8918,1.4589,89.184,8.505,10.05,300.5
10,120,463.17,618.94,255.81,38764,59016,8805.8,9.303,7.4787,19.771,2.5176,2.1937,4.0419,1.3211,47.644,0.53937,32.13,1.3632,1.5328,1.3635,101.99,8.505,10.05,300.5
10,120,416.4,533.34,213.83,24655,29743,3527.3,11.886,9.9863,26.263,2.9593,2.6824,4.8239,1.2563,49.156,0.49442,33.519,1.2648,1.2848,1.0329,61.197,8.505,10.05,300.5
10,120,440.72,555.93,229.73,38916,49612,7411.7,8.6238,8.908,22.271,2.4743,2.4379,4.357,1.2343,61.261,0.50111,38.639,1.2938,1.3177,1.4024,74.783,8.505,10.05,300.5
